check,n,discrepancies,passed
independent_audit_missing_and_decimal_boundary_unit_tests,10,0,True
INSPIRE_removed_eligible_cases_have_five_character_obstetric_code,2,0,True
INSPIRE_raw_operation_link,33394,0,True
INSPIRE_baseline_cr,33394,0,True
INSPIRE_cr_max_48h,33394,0,True
INSPIRE_cr_max_7d,33394,0,True
INSPIRE_postop_cr_7d_count,33394,0,True
INSPIRE_tested_7d,33394,0,True
INSPIRE_aki,33394,0,True
INSPIRE_changed_labels_decimal_confirmation,9,0,True
MOVER_retained_operation_duplicate_conflicts,5389,0,True
MOVER_raw_operation_link,5389,0,True
MOVER_baseline_cr,5389,0,True
MOVER_cr_max_48h,5389,0,True
MOVER_cr_max_7d,5389,0,True
MOVER_postop_cr_7d_count,5389,0,True
MOVER_tested_7d,5389,0,True
MOVER_aki,5389,0,True
MOVER_changed_labels_decimal_confirmation,64,0,True
MOVER_independent_coarsening_values,16167,0,True
MOVER_independent_coarsened_labels,5389,0,True
MOVER2022_paired_coarsening_change_count,2033,0,True
VitalDB_raw_operation_link,4095,0,True
VitalDB_baseline_cr,4095,0,True
VitalDB_postop_cr_7d_count,4095,0,True
VitalDB_tested_7d,4095,0,True
VitalDB_aki,4095,0,True
VitalDB_changed_labels_decimal_confirmation,2,0,True
source_unchanged_inspire_archive,1,0,True
source_unchanged_mover_patient_information,1,0,True
source_unchanged_mover_patient_labs,1,0,True
source_unchanged_vitaldb_cases,1,0,True
source_unchanged_vitaldb_labs,1,0,True
