path,size_bytes,sha256
.gitignore,118,cfb1193c69a90f879269e1b61cca5a299982d5618c79fad85303ddd692a060bc
.zenodo.json,4064,e65687cbcd6f3ad72e08bf7dad0fd1df8b9b498b21f1190e3a9c8b14b9a0345f
CHANGELOG.md,3673,c4901be21afe191143965400ab0b8e222c97d5b2ff6438fd4c48133c3431ba1a
CITATION.cff,2336,e16e09ff75cb0d67125fd979a293f3bd70f9317a9a05d4fa6f07d8913fe8e54c
DATA_ACCESS_AND_REDISTRIBUTION.md,2864,e9d016583187a969437ac638387e383644a8c4dfa37463590581a6fdf2ed6024
LICENSE,561,55fec701f6f819d226c10d8166c3043ce1de09aca8620649195005be582eaded
LICENSE-CODE,1147,a9ab96af2fd46df5e2046d2d5ec366f2e517ec18d7538a133b3abac1fc21b147
LICENSE-CONTENT,954,0ccfc706a3f60bae97c41e961c106e0dc88893c499f6eafaf32890f67484b3ab
MODEL_CARD.md,3483,330175086066c1cbea91b58bde9db174231599c3e0c856823632a5e06b337484
README.md,4408,b2dbf8e17ea83e3296a81e2f2df51af30c9beae83bc6d95ba84f16143ad7b53f
THIRD_PARTY_NOTICES.md,616,35cf19a4936e24ea722d19d1a18459b6688cd49e59d42b287a17591997f925a0
audit/Table_S27_baseline_tie_sensitivity.csv,860,0b6ad33510b7b9450fd8e63085a181d4673c908a9fa6ac2e6ca4f936fbd49acd
audit/baseline_tie_sensitivity.json,2639,0f69ff435a280f77a13c3a79ebe2cbd1f77ff0f87e114275ff93b9fb330f496f
audit/raw_audit_checks.csv,1361,ba7c188de82f16383e28a1a77cf6570873c7877449c08a963ebd86bd3730a310
audit/raw_audit_cohort_summary.csv,241,01f953e48d8616e0e697789e13b4b5f1f1a4eb1fbea737c8f6210f179d30c985
audit/raw_audit_results.json,7833,d2be1cf89ca6bbeb757dc51006a03a0f6d2418e761be0a8556687450c3235de9
config/analysis_config.example.json,6003,45031bce98e7d5218a0c9884d8469cd1aa6d8a2b4d5b0ecba2c0733ecbfb67d5
config/requirements-R1-verified.txt,160,8df38fb371c95ef10b58f94b6e70d30179e025d956b9338aaa2a8e62011505d6
diagnostics/timing/README.md,6288,d6eeb9016f16b2d976d867ffc64763ca63887f5375b88fc961903a1c23b96bea
diagnostics/timing/S28_overall_timing.csv,5441,e44f95100747ee645d8cda283fb435162fc7c7f90892d05e278ddf93630a1edd
diagnostics/timing/S29_source_risk_strata.csv,3219,75467874493bf101b6d6ac800e3d7dde55ed4b90ee64df80014be5b10293db14
diagnostics/timing/S30_followup_strata.csv,1123,466cb28dae5b9402597b2852ae46ab1df5cbf6d3f2ccf6e8f3a9ebc8546f3d69
diagnostics/timing/S31_elapsed_day_coverage.csv,3123,df521f35b12c6c75408cc790cfc29ce34ea2fe3d68e2347dc3ce780e2f1d5559
diagnostics/timing/aggregate_facts.json,1322,a2c42edb63abdcb67234f30e3ef569ac0cd45c9604bca9f3fa1286141601b65c
diagnostics/timing/analysis_plan_before_computation.md,2887,c6f5f0bb691c4be70b48c9b5dd5597a3170be4c85dc819eb73a19ed7349c610c
diagnostics/timing/confirmed_stop_sensitivity_summary.json,567,0395d98110628cb8484f4ff5d9c770d2a2b235568c7029b8933b5124cc958ff1
diagnostics/timing/input_fingerprints.csv,807,967e59eae637096d966b93799e3c16c2a2f5acd1085694ac75790730bf0282f0
diagnostics/timing/requirements-timing.txt,91,149e89c6e8d2a1f0ed29b3628fc6f597aa3fbda16f101f4966dabba16f00ebcf
diagnostics/timing/timing_diagnostic.py,19863,fff4b5a68ac97efa7ed417cb3dc4305b99e55e75a0a2f8b0dce69ab554986658
diagnostics/timing/timing_qa_checks.csv,1855,f81ed531ce1ac18a21eb99de35a186e8f01e789dacf66c594a23e2700bac62ab
diagnostics/timing/timing_run_summary.json,2748,b1cc0ded770cd74f9fb4a1cb5b4e7b08ce70be22976b8e45bb8062feb78bfb55
docs/BASELINE_AND_CORRECTIONS.md,3504,a8e23f1fe26c481025be10c3157304a433408e9c2c83d04ec3f3835a53c2ca6b
docs/DEPENDENCY_AUDIT.json,7682,e50764d675ef5ca81511794676dd192fcf0bce5ac3ee45c75a679f18023dd1c8
docs/DISCLOSURE_CONTROL.md,3387,c57b3e622eeff45ddda91f3a4037e8e858b85ca7d8c65418d7452333be72aebc
docs/REPLAY.md,9016,8769300d4ac4401a95630c1d12e63663fbfe990910143e860a5ae8da9096b52e
docs/SOURCE_MAP.json,51285,fb5e65983c4be13c4ce228fc3653230f80896e961a6e6f55cff7d00dd0421fc4
docs/SOURCE_MAP.md,2925,09de1ed3d3e656faa4759559a9f45baa548667f39a951dc5fb65cd86fb0bf99a
docs/disclosure_control.json,37559,f00ccc92ac2f67fce94971cbfed8bf7bcd0a912d6fd686826d23d98bcc5f2ea6
figures/Figure_1.pdf,22707,f010f700f72488e22bf7054b8ff018cb79ee5bd2e0cba100c29f2b9946a5a9ef
figures/Figure_1.png,108737,3ba209d2beb09553932fb52b2043d2bac18845b5ed8195fd4c72780b809e358e
figures/Figure_2.pdf,19040,8b3cd1a9ec65ef2aa8577aaa38bfab0620fd7f62c361574588b6944d87323adc
figures/Figure_2.png,159251,4b5c2803afd9a589c56ca2ce0bd8546af4f13ce4ae4f0670c8c3b84154fdc859
figures/Figure_S1_canonical_bootstrap_v32.pdf,17571,b208d712565f983669debfdc4910bb3827ec7d6b6166462ab248b3fd8377a659
figures/Figure_S1_canonical_bootstrap_v32.png,127644,80f278a8d70f111b7ede1e7867255b0acef7df186ff45bcd2f10b62d194e55a4
figures/Figure_S2_update_mnar_v32.pdf,19207,92959d82919203dd1cccf37e89e020bbeef505c88193233ce5ea3bbefa314c52
figures/Figure_S2_update_mnar_v32.png,274033,b3f991f9384a59c3474300df376fe55aea79c8b3c24e4a051ba9218f9dedf174
figures/Figure_S3_source_mnar_propagation_v32.pdf,19947,346174f751121f0930e2815e8a6376cd2f9508d14be294bf521df8184925a36c
figures/Figure_S3_source_mnar_propagation_v32.png,251758,896c19cf4be2a970c75bca557a8487c7761df0cac1ebd19f91292d317b4a7c65
figures/Figure_S4_mnar_chain_overview_v32.pdf,24206,492bac2a4719772d6c0325c5f91dde81d9f3fa68282f2462b7ab8d95e803a2c7
figures/Figure_S4_mnar_chain_overview_v32.png,516182,5aed33ceb26197593a89a75a4e62b7dc95378243568e56d4f2b487558d054def
figures/Figure_S5_auxiliary_outcome_probability_v32.pdf,20727,8e396c8ea843af67f5d14264e6d82e944e1c7026d7cac87a862244df86ef7ed3
figures/Figure_S5_auxiliary_outcome_probability_v32.png,100426,89e62e862d211a931d160614ee9ba322f683447035fca3bae862e344d8276287
figures/revision_20261007/Figure_1.pdf,25917,bfa34a6cbe11a070162942834dc5aa2b845dc451cee1c34510fa2836b118181a
figures/revision_20261007/Figure_1.png,197960,919b26c96a7e908c1e89269bb36e1c22391ef0cf2e3bf96fb0816208bc80e9ec
figures/revision_20261007/Figure_2.pdf,19040,8b3cd1a9ec65ef2aa8577aaa38bfab0620fd7f62c361574588b6944d87323adc
figures/revision_20261007/Figure_2.png,159251,4b5c2803afd9a589c56ca2ce0bd8546af4f13ce4ae4f0670c8c3b84154fdc859
figures/revision_20261007/Figure_3.pdf,30933,718f2de4ec2fb24b58d9df304fb59a0f6a1620a19efcc9cf3f3be4205cdf9abe
figures/revision_20261007/Figure_3.png,231896,6b803f387b09f97e83c2eb6147a8d99b28dec33cdda6b4bbcd5c106163d0caa8
figures/revision_20261007/Figure_4.pdf,27713,a5d8214ccf158e4fd1570a9fc82a8c4701d4259acf90bc49aa00187ebeb0b0cb
figures/revision_20261007/Figure_4.png,267830,394b6660823193847bcf0700eefe2ea14cd7470d0ead3dd33040a63658c74038
figures/revision_20261007/README.md,684,8fddcb9ccb22a787720eee60ad0a862a7c971a0617c6b88247323347a81f14bb
models/MODEL_CARD_R1.json,1771,c11eeae357cb3600eef7e161661326eafe487ccf6971c97688cba026c0cc2ff4
models/model_specification_v32.json,4903,759081073c7b68458b519563915b468da0091eb8bc29915d53f5c1d07f70e8d3
scripts/aki_r1_audit.py,9387,173e364fdae8c0a9b75e81656ba6bcd13544deb95662e9609662f2a8c912378b
scripts/build_stage_and_representation_figures.py,16134,cd4a37d4cbea5ae483b1a76aebc080d2183109d9ac0c34f6beea68aa44dbffbe
scripts/build_timing_figure.py,2581,693bf65801703123fda64fcaa6f675b2d773f6270efd17a86645cd8209fa7086
scripts/build_v32_figures.py,10718,848b7d968020f561b475199d4b808400bae7dab948455e1389c28c7a4e64bb5b
scripts/etl_common_v32.py,103408,d6558ca3556030e89d14119afb03ce271751a33dcc442fc67bfcb4c6cc8e88d8
scripts/etl_outcome_representations_v32.py,114901,bad8e657ca6898c9818aebc9fe20e122f990e025d80eb3db142751904fdd99e0
scripts/finalize_r1_analysis.py,8378,0f251012176ae7a480bf6c724d5b32516169d0bea2bef6cdd03f2e29ab430827
scripts/independent_raw_audit.py,18448,b44813fb3b02065ae09fc9bd5ce6816d48500b92700d026ac590fad7c3bdf6ec
scripts/prepare_inspire_v32.py,2019,ff6b7829779fe17d647f7c5c70d2ff80c761116e42149772df695fa30708e116
scripts/prepare_mover_v32.py,3178,a2a38fd9110b2fe92e43379189102ce4e7b6c667125364c3c1a4d3117f13a4cd
scripts/prepare_r1_corrected.py,3511,fbc1d68f4427f50a1d808102c51e8b948a1bb9d3d219045e56e63ed79e9bbc34
scripts/prepare_vitaldb_v32.py,5616,e8e8d4501b96a041b7aae8bbe5313a7a30fc276ccb2e4fdb54023c05734ed6b1
scripts/public_disclosure.py,4759,e00c9a6141106b931c2f654e4e5b008150d375e7dbc28d3a9d069a81db535811
scripts/public_workbook.mjs,1876,6fff6e4b4bdd58f94239470f05b3bd907d0e19f0082967f2e6defc8a5232119c
scripts/replay.py,8508,6e9aaf04777206ee9721aed38b210848bf14e16de1023418c2c41ed8d939da18
scripts/run_postreview_analysis.py,90509,4080c42ec530a0d07e00e5397519102489be6f16412bbe1a6784cf5020389b5a
scripts/run_r1_supplemental.py,4431,16a704a6af8b9ffdb60dea0139216d4d9a506dcba19044da18039cc5b8f8a7e8
scripts/run_v31_analysis.py,58724,979612a260140417cb48aded24201d0225e30f1a139ce64723a774787ce22296
scripts/run_v32_analysis.py,91785,4046c3a887f858e6c270ef4c7d64f3e9071731b7c2ddb84acf4fe6ef1a8dce2e
scripts/spotcheck_aki_r1.py,4423,b24ac194fe9866ba845eb638702d6165a8d968c94406a54f0b02f728fe7caad8
scripts/thresholds_r1.py,291,bdc6e0e71d142c6e2e8c4d31968b9c427039ad08914d65fa04919037f738eff3
scripts/tie_sensitivity.py,4246,ebe2907a5c9110388016082a449fffc66a9b72f5999f0d868a2327b01bab4dc6
scripts/verify_public.py,7396,b2a76778f6548919f194de1e6b6fe02a940a6659ad563531dd5c73092c410717
tables/01_cohort_flow_and_roles_v32.csv,821,61397b895a596cef5a0b3927537077cc91ad40aff335db98336b746124683b4e
tables/27_source_update_observation_flow_v32.csv,1781,9af3200f9f03712cea31ada073947320f252a0c8ef05ad5732826183e478294a
tables/28_stage_observation_diagnostics_v32.csv,2561,8469f90bd9d912a044c7a983caaa056f31a5308508ea2c6b054850e38aa8925b
tables/29_mover2021_recalibration_estimands_v32.csv,8141,b01cad661b1be29d018977ffca2983208aa9eb8675fb6d002e1cc4cfcaeac7ea
tables/30_update_selection_target_performance_v32.csv,2770,e711d7a4e5c00e1d48afae39a419682c86ef354bd5e701d10fb658fca00ec2e8
tables/31_canonical_primary_bootstrap_v32.csv,19719,f2e4d21dd5983a00c904e541d11f1e63bc97998da5a538a00a7f517fa16dcff9
tables/32_stage_observation_balance_v32.csv,5180,bc2051e1f7cd2828382874abd9800d05d1bf6b6bc8d63998c441d93fa20f402e
tables/33_predictor_missingness_v32.csv,1845,bdca880744fc8c9bdb375d36e0ecfd22efd7781a040000a18b6435ebab5e2bca
tables/34_update_strategy_workload_v32.csv,4865,6381ce85e710c0cc431cc6c9ebf8d14319ff652fb2bbee9c82fa4092c027c217
tables/35_main_table1_cohorts_v32.csv,827,1ae8a486a4894f43879b0920d6226c585a32ade3e3bf744f99eb57def8f86173
tables/36_main_table2_propagation_v32.csv,1515,f59a4389e06e2955bb2b7767a7a5c60cfe5c96b95075a86a1ecfbc589d188b1f
tables/37_main_table3_canonical_performance_v32.csv,2499,2c1139cf774bb393af2a692337e069c10aa28e5a703311dd9c4a450e479a2c5a
tables/37_selection_chain_primary_comparators_v32.csv,2770,e711d7a4e5c00e1d48afae39a419682c86ef354bd5e701d10fb658fca00ec2e8
tables/38_main_table4_workload_v32.csv,1816,99a2a6de9c37ad53a5b79b6231dc371191b30917724272952b608d25a4d86a73
tables/38_update_mnar_propagation_v32.csv,9274,18a6cf2ec86f46ed1bfecf11dc51e223b3d8584a089168096c54b86e09fa74b0
tables/39_metric_reporting_map_v32.csv,934,0fbe69874ed276e11c7eefe5b69aa3aa48057fbaf3f38385268674e7a3c03ebc
tables/40_target_mnar_sensitivity_v32.csv,9069,651b2aa90f345e4e0c5056d1d5220df29dc4fdd2f670e3b6353056982fdad3c5
tables/41_target_nonparametric_bounds_v32.csv,3004,ae768e6cc00a69f0aa5d65e6c29143acc27250cb2027de099a1b0b425966deec
tables/42_mnar_anchor_comparison_v32.csv,2860,44700e7849cf620138eacf0fc768fe04907ab1fb4acbd103658ad869dbf09f50
tables/43_source_mnar_propagation_v32.csv,9367,4a18750df68621a2a3abeb9a2c0e693ec9f60ceec95f3e367edb8351d11daac3
tables/44_auxiliary_outcome_model_diagnostics_v32.csv,4168,213783fe5471521c12e49048ebaf8c56ac4627f92dc581b43f8c002d74842213
tables/45_source_preprocessing_audit_v32.csv,1103,0f3cd999fc47ea412816d3616a6a886dcd61908469eec1e4a9df84b4bbf7660a
tables/46_weight_truncation_sensitivity_v32.csv,7663,9762fb679fdbbf7bd4aa7fa3ef72c93f5857d3ab65507bc2a35a0edfeb67e59a
tables/47_mnar_chain_bootstrap_intervals_v32.csv,84057,c6356f500bd355842c605c51cb124c961b2692bcee2ccef53e69e90f1f72d88d
tables/48_raw_to_analysis_variable_map_v32.csv,4037,3305d81fb1f7657f220357eb9c4ea59fdbd3a6bc00908fee25c7fba7028c3a64
tables/49_vitaldb_supportive_v32.csv,1144,e10caacf0832ecca8a77e26ca308d939a9356340ab2c92473534156f9414f657
tables/50_inspire_creatinine_release_levels_v32.csv,591,7d5dfad8165ba4c9bfe5340db9fc69d133f389d794270e121745dda540d0f40c
tables/51_mover_deterministic_coarsening_v32.csv,382,2267eacda6a325732eea9a84d90b9a258f594d8dff9819709863d9b48856b225
tables/R1_S21_paired_reclassification.csv,471,cffef765c3c9fa32335ffa8070a40f0ce2347cd23143e9a8f6149d05fdf3029e
tables/R1_S22_fixed_prediction_metrics.csv,1399,24bfda03ed4825f245d7efb80a2a63a69d54702b188ed4c710f687477559f79e
tables/R1_S25_paired_strategy_differences.csv,469,5f0a9cd36758d56ae6bf80296ab5163537d529baeb9e35121336b192ac5be7e8
tables/R1_S25_strategy_bootstrap_intervals.csv,1541,0641b64a250c12146553715680b707b2ea2e51d7d921996faaad5845bec80dc1
tables/R1_balance_maxima.csv,197,a0ff391e10e18bae152a123a423ac05ac0660620e5d417b226fe707f5ca9b0b4
tables/R1_cohort_flow_audit.csv,842,fc889b4ebc551b0204c55d59d248fbc3f9e0b608d4bcf0624bf948879f5a733d
tables/R1_corrected_denominators.csv,107,cd49474bba66e9d327cda6bc805cd4b69ad27a53ba08a6f2fee94dc6ed4f7683
tables/R1_surgical_flags.csv,542,c77fac29e6d5e55acbc54128d2f7c476fc521e24cfdc86f194d97e571db60064
tables/R1_threshold_boundary_audit.csv,269,ba0ba7ef43f74f4ec57e1570738a2bda938dc75eefbae52775a28cc1b675608a
tests/test_public_replay.py,1927,63bab3375207053b73d0ff96faebc7fcfb27dc91e7eceaa6778a787e659e5e2a
tests/test_scientific_boundaries.py,3151,1d69dcf9105af1f534f5b5d7ce446220366a3776f43a6b08341c5bb8878bf7ae
workbook/All_Revised_Tables.xlsx,87743,ffbb84bf564ad2931982fbd990e3e29b941ec1b8369a1f58c16328056cf1a3db
