phase,group,n,age_mean,age_sd,male_percent,asa_mean,duration_h_mean,duration_h_sd,baseline_cr_mean,baseline_cr_sd,observed_events
INSPIRE,all eligible,33394,55.97697191112176,15.835755693004042,51.419416661675754,1.7746797754551376,3.011494080772993,1.9440285389540162,0.8486368808768043,0.34963859359765675,
INSPIRE,outcome observed,24872,57.56071083949823,15.466891500426124,54.49099388871019,1.8330278286952175,3.467265733890854,1.9877243341472397,0.8593739948536507,0.3697565263114967,1680.0
INSPIRE,outcome unobserved,8522,51.35472893686928,15.994162818663037,42.454822811546585,1.6046850345915766,1.68129547054682,0.9498765541300563,0.8172999295939921,0.28053517587910887,
MOVER 2021,all eligible,2802,51.361527480371166,19.319027887254755,59.743040685224834,2.699393073902178,3.3619081608374968,2.0716902928706253,0.9034618129907209,0.48190255029488854,
MOVER 2021,outcome observed,2212,53.44303797468354,19.310547671482446,60.98553345388788,2.8317503392130257,3.5741109101868593,2.1925179290590084,0.9078209764918626,0.4915544975989592,274.0
MOVER 2021,outcome unobserved,590,43.55762711864407,17.257243781980552,55.08474576271186,2.2033898305084745,2.566327683615819,1.2497828062452943,0.8871186440677966,0.4438642278813707,
MOVER 2022,all eligible,2587,51.62234248163897,19.523044750649692,57.98221878623888,2.6718206416698878,3.257299317098312,1.9686584831551976,0.9063393892539622,0.46713159113910585,
MOVER 2022,outcome observed,2033,54.126414166256765,19.50674362950415,59.76389572060994,2.832759468765371,3.47027381537957,2.08149685366172,0.9234136743728479,0.4940021702807118,259.0
MOVER 2022,outcome unobserved,554,42.43321299638989,16.629242249586074,51.44404332129964,2.0812274368231045,2.47575210589651,1.1935904294361146,0.8436823104693141,0.3445333560480515,
