endpoint,estimand,model,metric,estimate,ci_lower,ci_upper,estimator_component,bootstrap_replicates,bootstrap_unit,canonical_source
creatinine-defined AKI through discharge or postoperative day 7,hybrid AIPW/IPW performance among all baseline-eligible MOVER 2022 patients under MAR conditional on measured pre-prediction variables,expanded-IPW source development plus expanded-IPW MOVER 2021 logistic recalibration,events,288.77333219473593,256.7431400485564,321.0625021480104,AIPW,1000,retained patient/operation,data/processed/canonical_bootstrap_distribution_v32.parquet
creatinine-defined AKI through discharge or postoperative day 7,hybrid AIPW/IPW performance among all baseline-eligible MOVER 2022 patients under MAR conditional on measured pre-prediction variables,expanded-IPW source development plus expanded-IPW MOVER 2021 logistic recalibration,event_rate,0.1116247901796428,0.0992435794544091,0.1241061082906882,AIPW,1000,retained patient/operation,data/processed/canonical_bootstrap_distribution_v32.parquet
creatinine-defined AKI through discharge or postoperative day 7,hybrid AIPW/IPW performance among all baseline-eligible MOVER 2022 patients under MAR conditional on measured pre-prediction variables,expanded-IPW source development plus expanded-IPW MOVER 2021 logistic recalibration,predicted_mean,0.1103201272445627,0.0987046075095676,0.1224004840001999,exact all-eligible predictions,1000,retained patient/operation,data/processed/canonical_bootstrap_distribution_v32.parquet
creatinine-defined AKI through discharge or postoperative day 7,hybrid AIPW/IPW performance among all baseline-eligible MOVER 2022 patients under MAR conditional on measured pre-prediction variables,expanded-IPW source development plus expanded-IPW MOVER 2021 logistic recalibration,oe_ratio,1.0118261550966838,0.8664868386107794,1.1768002823793169,plug-in ratio of AIPW-estimated event total to exact predicted-event total,1000,retained patient/operation,data/processed/canonical_bootstrap_distribution_v32.parquet
creatinine-defined AKI through discharge or postoperative day 7,hybrid AIPW/IPW performance among all baseline-eligible MOVER 2022 patients under MAR conditional on measured pre-prediction variables,expanded-IPW source development plus expanded-IPW MOVER 2021 logistic recalibration,calibration_intercept,0.0050264441923814,-0.1890252692669252,0.1875516505154407,1/99 truncated expanded IPW,1000,retained patient/operation,data/processed/canonical_bootstrap_distribution_v32.parquet
creatinine-defined AKI through discharge or postoperative day 7,hybrid AIPW/IPW performance among all baseline-eligible MOVER 2022 patients under MAR conditional on measured pre-prediction variables,expanded-IPW source development plus expanded-IPW MOVER 2021 logistic recalibration,calibration_joint_intercept,-0.2176516506247723,-0.622999341246264,0.2963723709289743,1/99 truncated expanded IPW,1000,retained patient/operation,data/processed/canonical_bootstrap_distribution_v32.parquet
creatinine-defined AKI through discharge or postoperative day 7,hybrid AIPW/IPW performance among all baseline-eligible MOVER 2022 patients under MAR conditional on measured pre-prediction variables,expanded-IPW source development plus expanded-IPW MOVER 2021 logistic recalibration,calibration_slope,0.8844514457276924,0.6810467380910483,1.1547053538822636,1/99 truncated expanded IPW,1000,retained patient/operation,data/processed/canonical_bootstrap_distribution_v32.parquet
creatinine-defined AKI through discharge or postoperative day 7,hybrid AIPW/IPW performance among all baseline-eligible MOVER 2022 patients under MAR conditional on measured pre-prediction variables,expanded-IPW source development plus expanded-IPW MOVER 2021 logistic recalibration,auroc,0.6737184414934936,0.6325981421036303,0.7168306550636632,1/99 truncated expanded IPW,1000,retained patient/operation,data/processed/canonical_bootstrap_distribution_v32.parquet
creatinine-defined AKI through discharge or postoperative day 7,hybrid AIPW/IPW performance among all baseline-eligible MOVER 2022 patients under MAR conditional on measured pre-prediction variables,expanded-IPW source development plus expanded-IPW MOVER 2021 logistic recalibration,auprc,0.2408455862429234,0.2010707441355079,0.2929496058280951,1/99 truncated expanded IPW,1000,retained patient/operation,data/processed/canonical_bootstrap_distribution_v32.parquet
creatinine-defined AKI through discharge or postoperative day 7,hybrid AIPW/IPW performance among all baseline-eligible MOVER 2022 patients under MAR conditional on measured pre-prediction variables,expanded-IPW source development plus expanded-IPW MOVER 2021 logistic recalibration,brier,0.0936844148369695,0.084477641645862,0.1034010824037873,AIPW,1000,retained patient/operation,data/processed/canonical_bootstrap_distribution_v32.parquet
creatinine-defined AKI through discharge or postoperative day 7,hybrid AIPW/IPW performance among all baseline-eligible MOVER 2022 patients under MAR conditional on measured pre-prediction variables,expanded-IPW source development plus expanded-IPW MOVER 2021 logistic recalibration,brier_skill_score,0.0552644414710283,0.0236519734256522,0.0863939647672014,AIPW,1000,retained patient/operation,data/processed/canonical_bootstrap_distribution_v32.parquet
creatinine-defined AKI through discharge or postoperative day 7,hybrid AIPW/IPW performance among all baseline-eligible MOVER 2022 patients under MAR conditional on measured pre-prediction variables,expanded-IPW source development plus expanded-IPW MOVER 2021 logistic recalibration,grouped_absolute_calibration_error_10q,0.016299832478097,0.0127480865051422,0.0340866501652579,1/99 truncated expanded IPW,1000,retained patient/operation,data/processed/canonical_bootstrap_distribution_v32.parquet
creatinine-defined AKI through discharge or postoperative day 7,1/99 truncated-weight approximation to logistic recalibration parameters among all baseline-eligible MOVER 2021 patients under MAR conditional on measured pre-prediction variables,expanded-IPW source development plus expanded-IPW MOVER 2021 logistic recalibration,update_alpha,0.2065683227528089,-0.2393566409390751,0.644483898026365,1/99 truncated expanded-IPW update score equation,1000,retained patient/operation,data/processed/canonical_bootstrap_distribution_v32.parquet
creatinine-defined AKI through discharge or postoperative day 7,1/99 truncated-weight approximation to logistic recalibration parameters among all baseline-eligible MOVER 2021 patients under MAR conditional on measured pre-prediction variables,expanded-IPW source development plus expanded-IPW MOVER 2021 logistic recalibration,update_beta,0.8909563129251556,0.7152888864175401,1.0735522947715348,1/99 truncated expanded-IPW update score equation,1000,retained patient/operation,data/processed/canonical_bootstrap_distribution_v32.parquet
creatinine-defined AKI through discharge or postoperative day 7,threshold workload among all eligible MOVER 2022 patients at 5%,expanded-IPW source development plus expanded-IPW MOVER 2021 logistic recalibration,alerts,2309.0,1954.0,2513.0,exact all-eligible predictions,1000,retained patient/operation,data/processed/canonical_bootstrap_distribution_v32.parquet
creatinine-defined AKI through discharge or postoperative day 7,threshold workload among all eligible MOVER 2022 patients at 5%,expanded-IPW source development plus expanded-IPW MOVER 2021 logistic recalibration,alerts_per_1000,892.5396211828372,755.3150367220719,971.395438732122,exact all-eligible predictions,1000,retained patient/operation,data/processed/canonical_bootstrap_distribution_v32.parquet
creatinine-defined AKI through discharge or postoperative day 7,threshold workload among all eligible MOVER 2022 patients at 5%,expanded-IPW source development plus expanded-IPW MOVER 2021 logistic recalibration,true_positives_per_1000,108.37609382151292,92.46511194073202,119.96380042133556,plug-in ratio or total derived from AIPW components,1000,retained patient/operation,data/processed/canonical_bootstrap_distribution_v32.parquet
creatinine-defined AKI through discharge or postoperative day 7,threshold workload among all eligible MOVER 2022 patients at 5%,expanded-IPW source development plus expanded-IPW MOVER 2021 logistic recalibration,false_positives_per_1000,784.1635273613243,653.3931675414761,860.8613928685568,plug-in ratio or total derived from AIPW components,1000,retained patient/operation,data/processed/canonical_bootstrap_distribution_v32.parquet
creatinine-defined AKI through discharge or postoperative day 7,threshold workload among all eligible MOVER 2022 patients at 5%,expanded-IPW source development plus expanded-IPW MOVER 2021 logistic recalibration,sensitivity,0.9708962825112448,0.8870221710830108,0.9989567246935956,plug-in ratio or total derived from AIPW components,1000,retained patient/operation,data/processed/canonical_bootstrap_distribution_v32.parquet
creatinine-defined AKI through discharge or postoperative day 7,threshold workload among all eligible MOVER 2022 patients at 5%,expanded-IPW source development plus expanded-IPW MOVER 2021 logistic recalibration,positive_predictive_value,0.1214244065466669,0.1047457449764381,0.1399189091020226,plug-in ratio or total derived from AIPW components,1000,retained patient/operation,data/processed/canonical_bootstrap_distribution_v32.parquet
creatinine-defined AKI through discharge or postoperative day 7,threshold workload among all eligible MOVER 2022 patients at 5%,expanded-IPW source development plus expanded-IPW MOVER 2021 logistic recalibration,false_positives_per_true_positive,7.235576589914575,6.146997763563089,8.546927626921132,plug-in ratio or total derived from AIPW components,1000,retained patient/operation,data/processed/canonical_bootstrap_distribution_v32.parquet
creatinine-defined AKI through discharge or postoperative day 7,threshold workload among all eligible MOVER 2022 patients at 5%,expanded-IPW source development plus expanded-IPW MOVER 2021 logistic recalibration,absolute_net_benefit,0.0671043292235484,0.0527704650966701,0.0791442133184659,plug-in ratio or total derived from AIPW components,1000,retained patient/operation,data/processed/canonical_bootstrap_distribution_v32.parquet
creatinine-defined AKI through discharge or postoperative day 7,threshold workload among all eligible MOVER 2022 patients at 5%,expanded-IPW source development plus expanded-IPW MOVER 2021 logistic recalibration,treat_all_net_benefit,0.0648682001890976,0.0518353467941148,0.0780064297796718,plug-in ratio or total derived from AIPW components,1000,retained patient/operation,data/processed/canonical_bootstrap_distribution_v32.parquet
creatinine-defined AKI through discharge or postoperative day 7,threshold workload among all eligible MOVER 2022 patients at 5%,expanded-IPW source development plus expanded-IPW MOVER 2021 logistic recalibration,incremental_net_benefit_vs_better_default,0.0022361290344507,-0.0028143989981388,0.0046218630881126,plug-in ratio or total derived from AIPW components,1000,retained patient/operation,data/processed/canonical_bootstrap_distribution_v32.parquet
creatinine-defined AKI through discharge or postoperative day 7,threshold workload among all eligible MOVER 2022 patients at 10%,expanded-IPW source development plus expanded-IPW MOVER 2021 logistic recalibration,alerts,980.0,754.975,1259.05,exact all-eligible predictions,1000,retained patient/operation,data/processed/canonical_bootstrap_distribution_v32.parquet
creatinine-defined AKI through discharge or postoperative day 7,threshold workload among all eligible MOVER 2022 patients at 10%,expanded-IPW source development plus expanded-IPW MOVER 2021 logistic recalibration,alerts_per_1000,378.81716273676074,291.83417085427135,486.6834170854271,exact all-eligible predictions,1000,retained patient/operation,data/processed/canonical_bootstrap_distribution_v32.parquet
creatinine-defined AKI through discharge or postoperative day 7,threshold workload among all eligible MOVER 2022 patients at 10%,expanded-IPW source development plus expanded-IPW MOVER 2021 logistic recalibration,true_positives_per_1000,68.6190816611225,53.33777129233868,83.58457185119481,plug-in ratio or total derived from AIPW components,1000,retained patient/operation,data/processed/canonical_bootstrap_distribution_v32.parquet
creatinine-defined AKI through discharge or postoperative day 7,threshold workload among all eligible MOVER 2022 patients at 10%,expanded-IPW source development plus expanded-IPW MOVER 2021 logistic recalibration,false_positives_per_1000,310.19808107563824,233.7784949634782,405.9842809795066,plug-in ratio or total derived from AIPW components,1000,retained patient/operation,data/processed/canonical_bootstrap_distribution_v32.parquet
creatinine-defined AKI through discharge or postoperative day 7,threshold workload among all eligible MOVER 2022 patients at 10%,expanded-IPW source development plus expanded-IPW MOVER 2021 logistic recalibration,sensitivity,0.6147297706064282,0.5010495884056847,0.724483836568416,plug-in ratio or total derived from AIPW components,1000,retained patient/operation,data/processed/canonical_bootstrap_distribution_v32.parquet
creatinine-defined AKI through discharge or postoperative day 7,threshold workload among all eligible MOVER 2022 patients at 10%,expanded-IPW source development plus expanded-IPW MOVER 2021 logistic recalibration,positive_predictive_value,0.1811403716911468,0.1485853978247464,0.2134138517158126,plug-in ratio or total derived from AIPW components,1000,retained patient/operation,data/processed/canonical_bootstrap_distribution_v32.parquet
creatinine-defined AKI through discharge or postoperative day 7,threshold workload among all eligible MOVER 2022 patients at 10%,expanded-IPW source development plus expanded-IPW MOVER 2021 logistic recalibration,false_positives_per_true_positive,4.520580479458487,3.685731921136483,5.730136463286809,plug-in ratio or total derived from AIPW components,1000,retained patient/operation,data/processed/canonical_bootstrap_distribution_v32.parquet
creatinine-defined AKI through discharge or postoperative day 7,threshold workload among all eligible MOVER 2022 patients at 10%,expanded-IPW source development plus expanded-IPW MOVER 2021 logistic recalibration,absolute_net_benefit,0.0341526282082738,0.022491006771635,0.0446223647333119,plug-in ratio or total derived from AIPW components,1000,retained patient/operation,data/processed/canonical_bootstrap_distribution_v32.parquet
creatinine-defined AKI through discharge or postoperative day 7,threshold workload among all eligible MOVER 2022 patients at 10%,expanded-IPW source development plus expanded-IPW MOVER 2021 logistic recalibration,treat_all_net_benefit,0.0129164335329364,-0.0008404672728787,0.0267845647674313,plug-in ratio or total derived from AIPW components,1000,retained patient/operation,data/processed/canonical_bootstrap_distribution_v32.parquet
creatinine-defined AKI through discharge or postoperative day 7,threshold workload among all eligible MOVER 2022 patients at 10%,expanded-IPW source development plus expanded-IPW MOVER 2021 logistic recalibration,incremental_net_benefit_vs_better_default,0.0212361946753373,0.0101372801942285,0.0297003960146643,plug-in ratio or total derived from AIPW components,1000,retained patient/operation,data/processed/canonical_bootstrap_distribution_v32.parquet
creatinine-defined AKI through discharge or postoperative day 7,threshold workload among all eligible MOVER 2022 patients at 20%,expanded-IPW source development plus expanded-IPW MOVER 2021 logistic recalibration,alerts,226.0,168.0,298.04999999999995,exact all-eligible predictions,1000,retained patient/operation,data/processed/canonical_bootstrap_distribution_v32.parquet
creatinine-defined AKI through discharge or postoperative day 7,threshold workload among all eligible MOVER 2022 patients at 20%,expanded-IPW source development plus expanded-IPW MOVER 2021 logistic recalibration,alerts_per_1000,87.35987630459992,64.94008504058755,115.21066872825664,exact all-eligible predictions,1000,retained patient/operation,data/processed/canonical_bootstrap_distribution_v32.parquet
creatinine-defined AKI through discharge or postoperative day 7,threshold workload among all eligible MOVER 2022 patients at 20%,expanded-IPW source development plus expanded-IPW MOVER 2021 logistic recalibration,true_positives_per_1000,26.970013446427384,20.03774679909531,34.959674811283925,plug-in ratio or total derived from AIPW components,1000,retained patient/operation,data/processed/canonical_bootstrap_distribution_v32.parquet
creatinine-defined AKI through discharge or postoperative day 7,threshold workload among all eligible MOVER 2022 patients at 20%,expanded-IPW source development plus expanded-IPW MOVER 2021 logistic recalibration,false_positives_per_1000,60.38986285817254,41.24080186194784,83.82852091934971,plug-in ratio or total derived from AIPW components,1000,retained patient/operation,data/processed/canonical_bootstrap_distribution_v32.parquet
creatinine-defined AKI through discharge or postoperative day 7,threshold workload among all eligible MOVER 2022 patients at 20%,expanded-IPW source development plus expanded-IPW MOVER 2021 logistic recalibration,sensitivity,0.2416131166116713,0.1844382513186293,0.3077666702782459,plug-in ratio or total derived from AIPW components,1000,retained patient/operation,data/processed/canonical_bootstrap_distribution_v32.parquet
creatinine-defined AKI through discharge or postoperative day 7,threshold workload among all eligible MOVER 2022 patients at 20%,expanded-IPW source development plus expanded-IPW MOVER 2021 logistic recalibration,positive_predictive_value,0.3087231185217152,0.2435968711794014,0.3880915073148203,plug-in ratio or total derived from AIPW components,1000,retained patient/operation,data/processed/canonical_bootstrap_distribution_v32.parquet
creatinine-defined AKI through discharge or postoperative day 7,threshold workload among all eligible MOVER 2022 patients at 20%,expanded-IPW source development plus expanded-IPW MOVER 2021 logistic recalibration,false_positives_per_true_positive,2.2391484148915826,1.5767122540981693,3.1051431019601674,plug-in ratio or total derived from AIPW components,1000,retained patient/operation,data/processed/canonical_bootstrap_distribution_v32.parquet
creatinine-defined AKI through discharge or postoperative day 7,threshold workload among all eligible MOVER 2022 patients at 20%,expanded-IPW source development plus expanded-IPW MOVER 2021 logistic recalibration,absolute_net_benefit,0.0118725477318842,0.0053775003885063,0.019808521899096,plug-in ratio or total derived from AIPW components,1000,retained patient/operation,data/processed/canonical_bootstrap_distribution_v32.parquet
creatinine-defined AKI through discharge or postoperative day 7,threshold workload among all eligible MOVER 2022 patients at 20%,expanded-IPW source development plus expanded-IPW MOVER 2021 logistic recalibration,treat_all_net_benefit,-0.1104690122754465,-0.1259455256819885,-0.0948673646366397,plug-in ratio or total derived from AIPW components,1000,retained patient/operation,data/processed/canonical_bootstrap_distribution_v32.parquet
creatinine-defined AKI through discharge or postoperative day 7,threshold workload among all eligible MOVER 2022 patients at 20%,expanded-IPW source development plus expanded-IPW MOVER 2021 logistic recalibration,incremental_net_benefit_vs_better_default,0.0118725477318842,0.0053775003885063,0.019808521899096,plug-in ratio or total derived from AIPW components,1000,retained patient/operation,data/processed/canonical_bootstrap_distribution_v32.parquet
