phase,variable,level,target_mean_or_proportion,observed_unweighted_mean_or_proportion,observed_weighted_mean_or_proportion,unweighted_smd_vs_target,weighted_smd_vs_target
INSPIRE,age,continuous_or_binary,55.97697191112176,57.56071083949823,55.85987404797126,0.10001031583709878,-0.0073945232182528395
INSPIRE,sex_male,continuous_or_binary,0.5141941666167575,0.5449099388871019,0.5148702131776383,0.061455393098582015,0.0013526180226300741
INSPIRE,duration_h,continuous_or_binary,3.011494080772993,3.467265733890854,3.0493479118103175,0.23444699704001712,0.01947184945015862
INSPIRE,baseline_cr,continuous_or_binary,0.8486368808768043,0.8593739948536507,0.8490717259026046,0.030709178487321204,0.0012436985898091719
INSPIRE,asa,1.0,suppressed,suppressed,suppressed,suppressed,suppressed
INSPIRE,asa,2.0,suppressed,suppressed,suppressed,suppressed,suppressed
INSPIRE,asa,3.0,suppressed,suppressed,suppressed,suppressed,suppressed
INSPIRE,asa,4.0,suppressed,suppressed,suppressed,suppressed,suppressed
INSPIRE,asa,5.0,suppressed,suppressed,suppressed,suppressed,suppressed
INSPIRE,asa,6.0,suppressed,<0.000202,suppressed,suppressed,suppressed
INSPIRE,asa,<missing>,suppressed,suppressed,suppressed,suppressed,suppressed
MOVER 2021,age,continuous_or_binary,51.361527480371166,53.44303797468354,51.59652568041562,0.10774405971459879,0.01216407996385188
MOVER 2021,sex_male,continuous_or_binary,0.5974304068522484,0.6098553345388789,0.5983291557638687,0.025330992891817523,0.0018323005868501343
MOVER 2021,duration_h,continuous_or_binary,3.3619081608374968,3.5741109101868593,3.3905750683891567,0.10242976475761012,0.013837448411238039
MOVER 2021,baseline_cr,continuous_or_binary,0.9034618129907209,0.9078209764918626,0.9021868999711873,0.009045736525930695,-0.002645582636475962
MOVER 2021,asa,1.0,suppressed,suppressed,suppressed,suppressed,suppressed
MOVER 2021,asa,2.0,suppressed,suppressed,suppressed,suppressed,suppressed
MOVER 2021,asa,3.0,suppressed,suppressed,suppressed,suppressed,suppressed
MOVER 2021,asa,4.0,suppressed,suppressed,suppressed,suppressed,suppressed
MOVER 2021,asa,5.0,suppressed,suppressed,suppressed,suppressed,suppressed
MOVER 2021,asa,6.0,<0.001785,suppressed,suppressed,suppressed,suppressed
MOVER 2021,asa,<missing>,<0.001785,<0.002261,suppressed,suppressed,suppressed
MOVER 2021,surgery_category,abdominal,suppressed,suppressed,suppressed,suppressed,suppressed
MOVER 2021,surgery_category,breast,suppressed,<0.002261,suppressed,suppressed,suppressed
MOVER 2021,surgery_category,head_neck,suppressed,suppressed,suppressed,suppressed,suppressed
MOVER 2021,surgery_category,neurologic,suppressed,suppressed,suppressed,suppressed,suppressed
MOVER 2021,surgery_category,orthopedic,suppressed,suppressed,suppressed,suppressed,suppressed
MOVER 2021,surgery_category,other,suppressed,suppressed,suppressed,suppressed,suppressed
MOVER 2021,surgery_category,plastic,suppressed,suppressed,suppressed,suppressed,suppressed
MOVER 2021,surgery_category,thoracic,suppressed,suppressed,suppressed,suppressed,suppressed
MOVER 2021,surgery_category,urologic,suppressed,suppressed,suppressed,suppressed,suppressed
MOVER 2021,surgery_category,vascular,suppressed,suppressed,suppressed,suppressed,suppressed
MOVER 2022,age,continuous_or_binary,51.62234248163897,54.126414166256765,51.802470450562815,0.12826235439195352,0.009226428112236647
MOVER 2022,sex_male,continuous_or_binary,0.5798221878623888,0.5976389572060994,0.5834903856953021,0.036089513754116564,0.007430273894771866
MOVER 2022,duration_h,continuous_or_binary,3.257299317098312,3.47027381537957,3.276905143903849,0.10818255177501394,0.009958978143387396
MOVER 2022,baseline_cr,continuous_or_binary,0.9063393892539622,0.9234136743728479,0.9081501601192743,0.03655133894337977,0.003876361392935406
MOVER 2022,asa,1.0,suppressed,suppressed,suppressed,suppressed,suppressed
MOVER 2022,asa,2.0,suppressed,suppressed,suppressed,suppressed,suppressed
MOVER 2022,asa,3.0,suppressed,suppressed,suppressed,suppressed,suppressed
MOVER 2022,asa,4.0,suppressed,suppressed,suppressed,suppressed,suppressed
MOVER 2022,asa,5.0,suppressed,suppressed,suppressed,suppressed,suppressed
MOVER 2022,asa,6.0,<0.001933,suppressed,suppressed,suppressed,suppressed
MOVER 2022,surgery_category,abdominal,suppressed,suppressed,suppressed,suppressed,suppressed
MOVER 2022,surgery_category,breast,<0.001933,<0.002460,suppressed,suppressed,suppressed
MOVER 2022,surgery_category,head_neck,suppressed,suppressed,suppressed,suppressed,suppressed
MOVER 2022,surgery_category,neurologic,suppressed,suppressed,suppressed,suppressed,suppressed
MOVER 2022,surgery_category,orthopedic,suppressed,suppressed,suppressed,suppressed,suppressed
MOVER 2022,surgery_category,other,suppressed,suppressed,suppressed,suppressed,suppressed
MOVER 2022,surgery_category,plastic,suppressed,suppressed,suppressed,suppressed,suppressed
MOVER 2022,surgery_category,thoracic,suppressed,suppressed,suppressed,suppressed,suppressed
MOVER 2022,surgery_category,urologic,suppressed,suppressed,suppressed,suppressed,suppressed
MOVER 2022,surgery_category,vascular,suppressed,suppressed,suppressed,suppressed,suppressed
