strategy,primary_or_required_comparator,threshold,alerts,alerts_per_1000,true_positives_per_1000,false_positives_per_1000,sensitivity,positive_predictive_value,false_positives_per_true_positive,treat_all_net_benefit,absolute_net_benefit,incremental_net_benefit_vs_better_default
observed-outcome source model + unupdated source-only comparator,False,0.05,1535.0,593.3513722458446,87.12840375955537,506.22296848628923,0.7805470775742173,0.14684115995177183,5.810079682892983,0.06486820018909767,0.06048508962869804,-0.004383110560399632
observed-outcome source model + unupdated source-only comparator,False,0.1,432.0,166.988790104368,38.08119981033129,128.9075902940367,0.34115360708894055,0.22804644423455334,3.3850716609791416,0.012916433532936436,0.02375813422210499,0.010841700689168555
observed-outcome source model + unupdated source-only comparator,False,0.2,149.0,57.59567066099729,21.613832281938773,35.981838379058516,0.19362932057614315,0.37526834975419865,1.6647597663245552,-0.11046901227544653,0.01261837268717414,0.01261837268717414
observed-outcome source model + complete-case recalibration,False,0.05,2433.0,940.4715887127948,109.41957111343984,831.0520175993548,0.9802443609286612,0.11634542970426177,7.595094818437629,0.06486820018909767,0.0656799912397896,0.000811791050691929
observed-outcome source model + complete-case recalibration,False,0.1,1090.0,421.3374565133359,71.29454104666023,350.04291546667565,0.638698096828874,0.16921007127312848,4.909813715436958,0.012916433532936436,0.03240088377258516,0.019484450239648725
observed-outcome source model + complete-case recalibration,False,0.2,230.0,88.90606880556629,27.07271288247327,61.83335592309304,0.2425331580816764,0.3045091662041666,2.2839733938567948,-0.11046901227544653,0.011614373901700007,0.011614373901700007
observed-outcome source model + 1/99 truncated-IPW recalibration,False,0.05,2347.0,907.2284499420177,108.25642590984035,798.9720240321774,0.9698242275360017,0.11932653337399104,7.380365805699041,0.06486820018909767,0.06620526675025207,0.0013370665611543986
observed-outcome source model + 1/99 truncated-IPW recalibration,False,0.1,953.0,368.3803633552377,67.22636933911085,301.1539940161269,0.6022530410218054,0.18249172873061884,4.479700405907865,0.012916433532936436,0.033764814448430075,0.02084838091549364
observed-outcome source model + 1/99 truncated-IPW recalibration,False,0.2,219.0,84.65403942790877,25.812615061631657,58.841424366277124,0.231244466574945,0.30491888202941136,2.27956075840375,-0.11046901227544653,0.011102258970062376,0.011102258970062376
1/99 truncated-IPW source model + unupdated source-only comparator,True,0.05,1377.0,532.276768457673,82.87652808006789,449.400240377605,0.7424562944010104,0.1557019449115001,5.42252735229732,0.06486820018909767,0.05922388384966762,-0.00564431633943005
1/99 truncated-IPW source model + unupdated source-only comparator,True,0.1,425.0,164.28295322767684,38.92144554832594,125.36150767935092,0.34868101866698165,0.23691712854945696,3.2208851935804543,0.012916433532936436,0.024992389139509172,0.012075955606572736
1/99 truncated-IPW source model + unupdated source-only comparator,True,0.2,150.0,57.98221878623889,21.662003886833762,36.32021489940512,0.19406086991941596,0.3735973603682596,1.676678440699601,-0.11046901227544653,0.012581950161982481,0.012581950161982481
1/99 truncated-IPW source model + complete-case recalibration,False,0.05,2399.0,927.3289524545806,109.06469393445461,818.264258520126,0.9770651640995867,0.11761165619359487,7.5025586099557025,0.06486820018909767,0.06599815401234271,0.0011299538232450446
1/99 truncated-IPW source model + complete-case recalibration,False,0.1,1117.0,431.7742558948589,72.42260479044855,359.35165110441034,0.6488039500356112,0.16773256812255183,4.961871395597793,0.012916433532936436,0.03249464355662518,0.019578210023688744
1/99 truncated-IPW source model + complete-case recalibration,False,0.2,234.0,90.45226130653266,27.853309337432066,62.5989519691006,0.24952619657879294,0.30793380878605453,2.2474511452387405,-0.11046901227544653,0.012203571345156917,0.012203571345156917
1/99 truncated-IPW source model + 1/99 truncated-IPW recalibration,True,0.05,2309.0,892.5396211828372,108.37609382151291,784.1635273613243,0.9708962825112448,0.1214244065466669,7.235576589914575,0.06486820018909767,0.06710432922354846,0.002236129034450793
1/99 truncated-IPW source model + 1/99 truncated-IPW recalibration,True,0.1,980.0,378.81716273676074,68.6190816611225,310.19808107563824,0.6147297706064282,0.18114037169114683,4.520580479458487,0.012916433532936436,0.034152628208273805,0.02123619467533737
1/99 truncated-IPW source model + 1/99 truncated-IPW recalibration,True,0.2,226.0,87.35987630459992,26.970013446427384,60.38986285817254,0.24161311661167134,0.30872311852171525,2.2391484148915826,-0.11046901227544653,0.011872547731884245,0.011872547731884245
