stage_varied,estimator_family,reference_type,is_canonical,odds_multiplier,log_odds_shift,metric,estimate,ci_lower,ci_upper,bootstrap_replicates,bootstrap_unit,canonical_source,interpretation
source,source outcome-regression completion propagated through canonical update and target MAR,OR-completion sensitivity,False,0.5,-0.6931471805599453,update_alpha,0.32986526387543685,-0.14711250557678157,0.732441151350467,1000,retained patient/operation,data/processed/mnar_chain_bootstrap_v32.parquet,parameterized OR-completion sensitivity with sampling interval; multiplier is not asserted clinically plausible
source,source outcome-regression completion propagated through canonical update and target MAR,OR-completion sensitivity,False,0.5,-0.6931471805599453,update_beta,0.9170243070405097,0.7273725480060387,1.0866687407522988,1000,retained patient/operation,data/processed/mnar_chain_bootstrap_v32.parquet,parameterized OR-completion sensitivity with sampling interval; multiplier is not asserted clinically plausible
source,source outcome-regression completion propagated through canonical update and target MAR,OR-completion sensitivity,False,0.5,-0.6931471805599453,target_oe_ratio,1.0119589048193898,0.8664316809159381,1.1781646531574002,1000,retained patient/operation,data/processed/mnar_chain_bootstrap_v32.parquet,parameterized OR-completion sensitivity with sampling interval; multiplier is not asserted clinically plausible
source,source outcome-regression completion propagated through canonical update and target MAR,OR-completion sensitivity,False,0.5,-0.6931471805599453,target_calibration_slope,0.8911068300434855,0.6855502518883785,1.1554544789662888,1000,retained patient/operation,data/processed/mnar_chain_bootstrap_v32.parquet,parameterized OR-completion sensitivity with sampling interval; multiplier is not asserted clinically plausible
source,source outcome-regression completion propagated through canonical update and target MAR,OR-completion sensitivity,False,0.5,-0.6931471805599453,target_auroc,0.67840862257175,0.637267276967065,0.718217128798809,1000,retained patient/operation,data/processed/mnar_chain_bootstrap_v32.parquet,parameterized OR-completion sensitivity with sampling interval; multiplier is not asserted clinically plausible
source,source outcome-regression completion propagated through canonical update and target MAR,OR-completion sensitivity,False,0.5,-0.6931471805599453,target_brier,0.09351818870589992,0.08431214352372812,0.10337070267999068,1000,retained patient/operation,data/processed/mnar_chain_bootstrap_v32.parquet,parameterized OR-completion sensitivity with sampling interval; multiplier is not asserted clinically plausible
source,source outcome-regression completion propagated through canonical update and target MAR,OR-completion sensitivity,False,0.5,-0.6931471805599453,threshold_5_alerts,2253.0,1918.85,2492.05,1000,retained patient/operation,data/processed/mnar_chain_bootstrap_v32.parquet,parameterized OR-completion sensitivity with sampling interval; multiplier is not asserted clinically plausible
source,source outcome-regression completion propagated through canonical update and target MAR,OR-completion sensitivity,False,0.5,-0.6931471805599453,threshold_5_alerts_per_1000,870.8929261693081,741.7278701198298,963.2972555083107,1000,retained patient/operation,data/processed/mnar_chain_bootstrap_v32.parquet,parameterized OR-completion sensitivity with sampling interval; multiplier is not asserted clinically plausible
source,source outcome-regression completion propagated through canonical update and target MAR,OR-completion sensitivity,False,0.5,-0.6931471805599453,threshold_10_alerts,981.0,760.975,1244.0749999999998,1000,retained patient/operation,data/processed/mnar_chain_bootstrap_v32.parquet,parameterized OR-completion sensitivity with sampling interval; multiplier is not asserted clinically plausible
source,source outcome-regression completion propagated through canonical update and target MAR,OR-completion sensitivity,False,0.5,-0.6931471805599453,threshold_10_alerts_per_1000,379.2037108620023,294.1534596057209,480.89485890993427,1000,retained patient/operation,data/processed/mnar_chain_bootstrap_v32.parquet,parameterized OR-completion sensitivity with sampling interval; multiplier is not asserted clinically plausible
source,source outcome-regression completion propagated through canonical update and target MAR,OR-completion sensitivity,False,0.5,-0.6931471805599453,threshold_20_alerts,240.0,169.0,316.0,1000,retained patient/operation,data/processed/mnar_chain_bootstrap_v32.parquet,parameterized OR-completion sensitivity with sampling interval; multiplier is not asserted clinically plausible
source,source outcome-regression completion propagated through canonical update and target MAR,OR-completion sensitivity,False,0.5,-0.6931471805599453,threshold_20_alerts_per_1000,92.77155005798222,65.32663316582915,122.14920757634326,1000,retained patient/operation,data/processed/mnar_chain_bootstrap_v32.parquet,parameterized OR-completion sensitivity with sampling interval; multiplier is not asserted clinically plausible
source,source outcome-regression completion propagated through canonical update and target MAR,OR-completion sensitivity,False,0.6666666667,-0.40546510805816444,update_alpha,0.29109083888568776,-0.14800682042658253,0.7291899121360264,1000,retained patient/operation,data/processed/mnar_chain_bootstrap_v32.parquet,parameterized OR-completion sensitivity with sampling interval; multiplier is not asserted clinically plausible
source,source outcome-regression completion propagated through canonical update and target MAR,OR-completion sensitivity,False,0.6666666667,-0.40546510805816444,update_beta,0.9162397928007097,0.7375223306129615,1.1020323761877302,1000,retained patient/operation,data/processed/mnar_chain_bootstrap_v32.parquet,parameterized OR-completion sensitivity with sampling interval; multiplier is not asserted clinically plausible
source,source outcome-regression completion propagated through canonical update and target MAR,OR-completion sensitivity,False,0.6666666667,-0.40546510805816444,target_oe_ratio,1.011301087803145,0.8664760267676335,1.1775750148052255,1000,retained patient/operation,data/processed/mnar_chain_bootstrap_v32.parquet,parameterized OR-completion sensitivity with sampling interval; multiplier is not asserted clinically plausible
source,source outcome-regression completion propagated through canonical update and target MAR,OR-completion sensitivity,False,0.6666666667,-0.40546510805816444,target_calibration_slope,0.8848901212733099,0.6794580559387264,1.1540685200980816,1000,retained patient/operation,data/processed/mnar_chain_bootstrap_v32.parquet,parameterized OR-completion sensitivity with sampling interval; multiplier is not asserted clinically plausible
source,source outcome-regression completion propagated through canonical update and target MAR,OR-completion sensitivity,False,0.6666666667,-0.40546510805816444,target_auroc,0.6754324932822894,0.6348541185685386,0.7168162215591641,1000,retained patient/operation,data/processed/mnar_chain_bootstrap_v32.parquet,parameterized OR-completion sensitivity with sampling interval; multiplier is not asserted clinically plausible
source,source outcome-regression completion propagated through canonical update and target MAR,OR-completion sensitivity,False,0.6666666667,-0.40546510805816444,target_brier,0.09366876657268695,0.08433689656186387,0.10349134668377198,1000,retained patient/operation,data/processed/mnar_chain_bootstrap_v32.parquet,parameterized OR-completion sensitivity with sampling interval; multiplier is not asserted clinically plausible
source,source outcome-regression completion propagated through canonical update and target MAR,OR-completion sensitivity,False,0.6666666667,-0.40546510805816444,threshold_5_alerts,2299.0,1951.675,2510.05,1000,retained patient/operation,data/processed/mnar_chain_bootstrap_v32.parquet,parameterized OR-completion sensitivity with sampling interval; multiplier is not asserted clinically plausible
source,source outcome-regression completion propagated through canonical update and target MAR,OR-completion sensitivity,False,0.6666666667,-0.40546510805816444,threshold_5_alerts_per_1000,888.6741399304213,754.4163123308853,970.2551217626594,1000,retained patient/operation,data/processed/mnar_chain_bootstrap_v32.parquet,parameterized OR-completion sensitivity with sampling interval; multiplier is not asserted clinically plausible
source,source outcome-regression completion propagated through canonical update and target MAR,OR-completion sensitivity,False,0.6666666667,-0.40546510805816444,threshold_10_alerts,974.0,753.0,1243.0,1000,retained patient/operation,data/processed/mnar_chain_bootstrap_v32.parquet,parameterized OR-completion sensitivity with sampling interval; multiplier is not asserted clinically plausible
source,source outcome-regression completion propagated through canonical update and target MAR,OR-completion sensitivity,False,0.6666666667,-0.40546510805816444,threshold_10_alerts_per_1000,376.4978739853112,291.0707383069192,480.47931967529956,1000,retained patient/operation,data/processed/mnar_chain_bootstrap_v32.parquet,parameterized OR-completion sensitivity with sampling interval; multiplier is not asserted clinically plausible
source,source outcome-regression completion propagated through canonical update and target MAR,OR-completion sensitivity,False,0.6666666667,-0.40546510805816444,threshold_20_alerts,226.0,168.0,305.04999999999995,1000,retained patient/operation,data/processed/mnar_chain_bootstrap_v32.parquet,parameterized OR-completion sensitivity with sampling interval; multiplier is not asserted clinically plausible
source,source outcome-regression completion propagated through canonical update and target MAR,OR-completion sensitivity,False,0.6666666667,-0.40546510805816444,threshold_20_alerts_per_1000,87.35987630459992,64.94008504058755,117.9165056049478,1000,retained patient/operation,data/processed/mnar_chain_bootstrap_v32.parquet,parameterized OR-completion sensitivity with sampling interval; multiplier is not asserted clinically plausible
source,source outcome-regression completion propagated through canonical update and target MAR,"OR-completion reference, k=1",False,1.0,0.0,update_alpha,0.2863808628847914,-0.1725643244043234,0.7394229332385711,1000,retained patient/operation,data/processed/mnar_chain_bootstrap_v32.parquet,parameterized OR-completion sensitivity with sampling interval; multiplier is not asserted clinically plausible
source,source outcome-regression completion propagated through canonical update and target MAR,"OR-completion reference, k=1",False,1.0,0.0,update_beta,0.9374051901411695,0.7471262983803417,1.131146100981032,1000,retained patient/operation,data/processed/mnar_chain_bootstrap_v32.parquet,parameterized OR-completion sensitivity with sampling interval; multiplier is not asserted clinically plausible
source,source outcome-regression completion propagated through canonical update and target MAR,"OR-completion reference, k=1",False,1.0,0.0,target_oe_ratio,1.0105312839062186,0.8659696418478966,1.1761004283675405,1000,retained patient/operation,data/processed/mnar_chain_bootstrap_v32.parquet,parameterized OR-completion sensitivity with sampling interval; multiplier is not asserted clinically plausible
source,source outcome-regression completion propagated through canonical update and target MAR,"OR-completion reference, k=1",False,1.0,0.0,target_calibration_slope,0.881028532782978,0.6669645192447207,1.1441894495266012,1000,retained patient/operation,data/processed/mnar_chain_bootstrap_v32.parquet,parameterized OR-completion sensitivity with sampling interval; multiplier is not asserted clinically plausible
source,source outcome-regression completion propagated through canonical update and target MAR,"OR-completion reference, k=1",False,1.0,0.0,target_auroc,0.6712017259802419,0.6281731146661698,0.7123519172593458,1000,retained patient/operation,data/processed/mnar_chain_bootstrap_v32.parquet,parameterized OR-completion sensitivity with sampling interval; multiplier is not asserted clinically plausible
source,source outcome-regression completion propagated through canonical update and target MAR,"OR-completion reference, k=1",False,1.0,0.0,target_brier,0.09382492152349943,0.08456566256967478,0.10357908296445945,1000,retained patient/operation,data/processed/mnar_chain_bootstrap_v32.parquet,parameterized OR-completion sensitivity with sampling interval; multiplier is not asserted clinically plausible
source,source outcome-regression completion propagated through canonical update and target MAR,"OR-completion reference, k=1",False,1.0,0.0,threshold_5_alerts,2345.0,1998.975,2542.05,1000,retained patient/operation,data/processed/mnar_chain_bootstrap_v32.parquet,parameterized OR-completion sensitivity with sampling interval; multiplier is not asserted clinically plausible
source,source outcome-regression completion propagated through canonical update and target MAR,"OR-completion reference, k=1",False,1.0,0.0,threshold_5_alerts_per_1000,906.4553536915346,772.7000386548125,982.6246617703904,1000,retained patient/operation,data/processed/mnar_chain_bootstrap_v32.parquet,parameterized OR-completion sensitivity with sampling interval; multiplier is not asserted clinically plausible
source,source outcome-regression completion propagated through canonical update and target MAR,"OR-completion reference, k=1",False,1.0,0.0,threshold_10_alerts,957.0,734.975,1247.05,1000,retained patient/operation,data/processed/mnar_chain_bootstrap_v32.parquet,parameterized OR-completion sensitivity with sampling interval; multiplier is not asserted clinically plausible
source,source outcome-regression completion propagated through canonical update and target MAR,"OR-completion reference, k=1",False,1.0,0.0,threshold_10_alerts_per_1000,369.9265558562041,284.1032083494395,482.04483958252797,1000,retained patient/operation,data/processed/mnar_chain_bootstrap_v32.parquet,parameterized OR-completion sensitivity with sampling interval; multiplier is not asserted clinically plausible
source,source outcome-regression completion propagated through canonical update and target MAR,"OR-completion reference, k=1",False,1.0,0.0,threshold_20_alerts,222.0,165.0,292.025,1000,retained patient/operation,data/processed/mnar_chain_bootstrap_v32.parquet,parameterized OR-completion sensitivity with sampling interval; multiplier is not asserted clinically plausible
source,source outcome-regression completion propagated through canonical update and target MAR,"OR-completion reference, k=1",False,1.0,0.0,threshold_20_alerts_per_1000,85.81368380363355,63.78044066486277,112.88171627367606,1000,retained patient/operation,data/processed/mnar_chain_bootstrap_v32.parquet,parameterized OR-completion sensitivity with sampling interval; multiplier is not asserted clinically plausible
source,source outcome-regression completion propagated through canonical update and target MAR,OR-completion sensitivity,False,1.5,0.4054651081081644,update_alpha,0.2824879708513478,-0.21623849266312153,0.73549214815063,1000,retained patient/operation,data/processed/mnar_chain_bootstrap_v32.parquet,parameterized OR-completion sensitivity with sampling interval; multiplier is not asserted clinically plausible
source,source outcome-regression completion propagated through canonical update and target MAR,OR-completion sensitivity,False,1.5,0.4054651081081644,update_beta,0.9703354688971643,0.7554643241586925,1.158327456808945,1000,retained patient/operation,data/processed/mnar_chain_bootstrap_v32.parquet,parameterized OR-completion sensitivity with sampling interval; multiplier is not asserted clinically plausible
source,source outcome-regression completion propagated through canonical update and target MAR,OR-completion sensitivity,False,1.5,0.4054651081081644,target_oe_ratio,1.008811513609495,0.8619160430576495,1.1739814686596424,1000,retained patient/operation,data/processed/mnar_chain_bootstrap_v32.parquet,parameterized OR-completion sensitivity with sampling interval; multiplier is not asserted clinically plausible
source,source outcome-regression completion propagated through canonical update and target MAR,OR-completion sensitivity,False,1.5,0.4054651081081644,target_calibration_slope,0.8722147489832308,0.6548463772427346,1.134502571946013,1000,retained patient/operation,data/processed/mnar_chain_bootstrap_v32.parquet,parameterized OR-completion sensitivity with sampling interval; multiplier is not asserted clinically plausible
source,source outcome-regression completion propagated through canonical update and target MAR,OR-completion sensitivity,False,1.5,0.4054651081081644,target_auroc,0.6654609708937548,0.6166468518129458,0.7036505248317608,1000,retained patient/operation,data/processed/mnar_chain_bootstrap_v32.parquet,parameterized OR-completion sensitivity with sampling interval; multiplier is not asserted clinically plausible
source,source outcome-regression completion propagated through canonical update and target MAR,OR-completion sensitivity,False,1.5,0.4054651081081644,target_brier,0.0940168219354303,0.08486995305724808,0.10389601768772902,1000,retained patient/operation,data/processed/mnar_chain_bootstrap_v32.parquet,parameterized OR-completion sensitivity with sampling interval; multiplier is not asserted clinically plausible
source,source outcome-regression completion propagated through canonical update and target MAR,OR-completion sensitivity,False,1.5,0.4054651081081644,threshold_5_alerts,2398.0,2080.925,2573.05,1000,retained patient/operation,data/processed/mnar_chain_bootstrap_v32.parquet,parameterized OR-completion sensitivity with sampling interval; multiplier is not asserted clinically plausible
source,source outcome-regression completion propagated through canonical update and target MAR,OR-completion sensitivity,False,1.5,0.4054651081081644,threshold_5_alerts_per_1000,926.942404329339,804.377657518361,994.6076536528798,1000,retained patient/operation,data/processed/mnar_chain_bootstrap_v32.parquet,parameterized OR-completion sensitivity with sampling interval; multiplier is not asserted clinically plausible
source,source outcome-regression completion propagated through canonical update and target MAR,OR-completion sensitivity,False,1.5,0.4054651081081644,threshold_10_alerts,942.0,695.975,1268.125,1000,retained patient/operation,data/processed/mnar_chain_bootstrap_v32.parquet,parameterized OR-completion sensitivity with sampling interval; multiplier is not asserted clinically plausible
source,source outcome-regression completion propagated through canonical update and target MAR,OR-completion sensitivity,False,1.5,0.4054651081081644,threshold_10_alerts_per_1000,364.1283339775802,269.0278314650174,490.19134132199457,1000,retained patient/operation,data/processed/mnar_chain_bootstrap_v32.parquet,parameterized OR-completion sensitivity with sampling interval; multiplier is not asserted clinically plausible
source,source outcome-regression completion propagated through canonical update and target MAR,OR-completion sensitivity,False,1.5,0.4054651081081644,threshold_20_alerts,212.0,159.0,278.0,1000,retained patient/operation,data/processed/mnar_chain_bootstrap_v32.parquet,parameterized OR-completion sensitivity with sampling interval; multiplier is not asserted clinically plausible
source,source outcome-regression completion propagated through canonical update and target MAR,OR-completion sensitivity,False,1.5,0.4054651081081644,threshold_20_alerts_per_1000,81.94820255121763,61.46115191341322,107.46037881716273,1000,retained patient/operation,data/processed/mnar_chain_bootstrap_v32.parquet,parameterized OR-completion sensitivity with sampling interval; multiplier is not asserted clinically plausible
source,source outcome-regression completion propagated through canonical update and target MAR,OR-completion sensitivity,False,2.0,0.6931471805599453,update_alpha,0.24618371350911258,-0.3099776750137289,0.6782430976612728,1000,retained patient/operation,data/processed/mnar_chain_bootstrap_v32.parquet,parameterized OR-completion sensitivity with sampling interval; multiplier is not asserted clinically plausible
source,source outcome-regression completion propagated through canonical update and target MAR,OR-completion sensitivity,False,2.0,0.6931471805599453,update_beta,0.983587089130443,0.746576369142615,1.1711030214445595,1000,retained patient/operation,data/processed/mnar_chain_bootstrap_v32.parquet,parameterized OR-completion sensitivity with sampling interval; multiplier is not asserted clinically plausible
source,source outcome-regression completion propagated through canonical update and target MAR,OR-completion sensitivity,False,2.0,0.6931471805599453,target_oe_ratio,1.0074073402496713,0.8592832052860925,1.1719800487857364,1000,retained patient/operation,data/processed/mnar_chain_bootstrap_v32.parquet,parameterized OR-completion sensitivity with sampling interval; multiplier is not asserted clinically plausible
source,source outcome-regression completion propagated through canonical update and target MAR,OR-completion sensitivity,False,2.0,0.6931471805599453,target_calibration_slope,0.8670691276548417,0.644099263683573,1.1402701206585877,1000,retained patient/operation,data/processed/mnar_chain_bootstrap_v32.parquet,parameterized OR-completion sensitivity with sampling interval; multiplier is not asserted clinically plausible
source,source outcome-regression completion propagated through canonical update and target MAR,OR-completion sensitivity,False,2.0,0.6931471805599453,target_auroc,0.6558279428599532,0.6062126862124467,0.6949813969064272,1000,retained patient/operation,data/processed/mnar_chain_bootstrap_v32.parquet,parameterized OR-completion sensitivity with sampling interval; multiplier is not asserted clinically plausible
source,source outcome-regression completion propagated through canonical update and target MAR,OR-completion sensitivity,False,2.0,0.6931471805599453,target_brier,0.09427323684572092,0.08509387051399576,0.10422563389006456,1000,retained patient/operation,data/processed/mnar_chain_bootstrap_v32.parquet,parameterized OR-completion sensitivity with sampling interval; multiplier is not asserted clinically plausible
source,source outcome-regression completion propagated through canonical update and target MAR,OR-completion sensitivity,False,2.0,0.6931471805599453,threshold_5_alerts,2462.0,2162.0,2587.0,1000,retained patient/operation,data/processed/mnar_chain_bootstrap_v32.parquet,parameterized OR-completion sensitivity with sampling interval; multiplier is not asserted clinically plausible
source,source outcome-regression completion propagated through canonical update and target MAR,OR-completion sensitivity,False,2.0,0.6931471805599453,threshold_5_alerts_per_1000,951.6814843448009,835.7170467723231,1000.0,1000,retained patient/operation,data/processed/mnar_chain_bootstrap_v32.parquet,parameterized OR-completion sensitivity with sampling interval; multiplier is not asserted clinically plausible
source,source outcome-regression completion propagated through canonical update and target MAR,OR-completion sensitivity,False,2.0,0.6931471805599453,threshold_10_alerts,963.0,673.95,1307.1999999999998,1000,retained patient/operation,data/processed/mnar_chain_bootstrap_v32.parquet,parameterized OR-completion sensitivity with sampling interval; multiplier is not asserted clinically plausible
source,source outcome-regression completion propagated through canonical update and target MAR,OR-completion sensitivity,False,2.0,0.6931471805599453,threshold_10_alerts_per_1000,372.2458446076537,260.5141090065713,505.29570931580975,1000,retained patient/operation,data/processed/mnar_chain_bootstrap_v32.parquet,parameterized OR-completion sensitivity with sampling interval; multiplier is not asserted clinically plausible
source,source outcome-regression completion propagated through canonical update and target MAR,OR-completion sensitivity,False,2.0,0.6931471805599453,threshold_20_alerts,206.0,153.975,265.0,1000,retained patient/operation,data/processed/mnar_chain_bootstrap_v32.parquet,parameterized OR-completion sensitivity with sampling interval; multiplier is not asserted clinically plausible
source,source outcome-regression completion propagated through canonical update and target MAR,OR-completion sensitivity,False,2.0,0.6931471805599453,threshold_20_alerts_per_1000,79.62891379976807,59.51874758407422,102.43525318902203,1000,retained patient/operation,data/processed/mnar_chain_bootstrap_v32.parquet,parameterized OR-completion sensitivity with sampling interval; multiplier is not asserted clinically plausible
source,source outcome-regression completion propagated through canonical update and target MAR,OR-completion sensitivity,False,3.0,1.0986122886681098,update_alpha,0.08841013616039457,-0.42825580312393724,0.5625470420343384,1000,retained patient/operation,data/processed/mnar_chain_bootstrap_v32.parquet,parameterized OR-completion sensitivity with sampling interval; multiplier is not asserted clinically plausible
source,source outcome-regression completion propagated through canonical update and target MAR,OR-completion sensitivity,False,3.0,1.0986122886681098,update_beta,0.9630799413679114,0.7310784926799214,1.1777177599252868,1000,retained patient/operation,data/processed/mnar_chain_bootstrap_v32.parquet,parameterized OR-completion sensitivity with sampling interval; multiplier is not asserted clinically plausible
source,source outcome-regression completion propagated through canonical update and target MAR,OR-completion sensitivity,False,3.0,1.0986122886681098,target_oe_ratio,1.0042271332909107,0.8575743298040578,1.1711782543065152,1000,retained patient/operation,data/processed/mnar_chain_bootstrap_v32.parquet,parameterized OR-completion sensitivity with sampling interval; multiplier is not asserted clinically plausible
source,source outcome-regression completion propagated through canonical update and target MAR,OR-completion sensitivity,False,3.0,1.0986122886681098,target_calibration_slope,0.8501466786709476,0.6231436752743785,1.1469925256611642,1000,retained patient/operation,data/processed/mnar_chain_bootstrap_v32.parquet,parameterized OR-completion sensitivity with sampling interval; multiplier is not asserted clinically plausible
source,source outcome-regression completion propagated through canonical update and target MAR,OR-completion sensitivity,False,3.0,1.0986122886681098,target_auroc,0.6338686815552892,0.5814367010781907,0.6774856644258936,1000,retained patient/operation,data/processed/mnar_chain_bootstrap_v32.parquet,parameterized OR-completion sensitivity with sampling interval; multiplier is not asserted clinically plausible
source,source outcome-regression completion propagated through canonical update and target MAR,OR-completion sensitivity,False,3.0,1.0986122886681098,target_brier,0.09485946349815728,0.08547589557798578,0.10460746217926326,1000,retained patient/operation,data/processed/mnar_chain_bootstrap_v32.parquet,parameterized OR-completion sensitivity with sampling interval; multiplier is not asserted clinically plausible
source,source outcome-regression completion propagated through canonical update and target MAR,OR-completion sensitivity,False,3.0,1.0986122886681098,threshold_5_alerts,2550.0,2281.775,2587.0,1000,retained patient/operation,data/processed/mnar_chain_bootstrap_v32.parquet,parameterized OR-completion sensitivity with sampling interval; multiplier is not asserted clinically plausible
source,source outcome-regression completion propagated through canonical update and target MAR,OR-completion sensitivity,False,3.0,1.0986122886681098,threshold_5_alerts_per_1000,985.697719366061,882.0158484731348,1000.0,1000,retained patient/operation,data/processed/mnar_chain_bootstrap_v32.parquet,parameterized OR-completion sensitivity with sampling interval; multiplier is not asserted clinically plausible
source,source outcome-regression completion propagated through canonical update and target MAR,OR-completion sensitivity,False,3.0,1.0986122886681098,threshold_10_alerts,994.0,640.0,1369.125,1000,retained patient/operation,data/processed/mnar_chain_bootstrap_v32.parquet,parameterized OR-completion sensitivity with sampling interval; multiplier is not asserted clinically plausible
source,source outcome-regression completion propagated through canonical update and target MAR,OR-completion sensitivity,False,3.0,1.0986122886681098,threshold_10_alerts_per_1000,384.228836490143,247.39080015461926,529.2327019713954,1000,retained patient/operation,data/processed/mnar_chain_bootstrap_v32.parquet,parameterized OR-completion sensitivity with sampling interval; multiplier is not asserted clinically plausible
source,source outcome-regression completion propagated through canonical update and target MAR,OR-completion sensitivity,False,3.0,1.0986122886681098,threshold_20_alerts,198.0,146.0,250.02499999999998,1000,retained patient/operation,data/processed/mnar_chain_bootstrap_v32.parquet,parameterized OR-completion sensitivity with sampling interval; multiplier is not asserted clinically plausible
source,source outcome-regression completion propagated through canonical update and target MAR,OR-completion sensitivity,False,3.0,1.0986122886681098,threshold_20_alerts_per_1000,76.53652879783533,56.43602628527252,96.64669501352917,1000,retained patient/operation,data/processed/mnar_chain_bootstrap_v32.parquet,parameterized OR-completion sensitivity with sampling interval; multiplier is not asserted clinically plausible
update,update outcome-regression completion propagated to canonical target MAR,OR-completion sensitivity,False,0.5,-0.6931471805599453,update_alpha,0.14992643621084387,-0.29307573936602954,0.5596734941795235,1000,retained patient/operation,data/processed/mnar_chain_bootstrap_v32.parquet,parameterized OR-completion sensitivity with sampling interval; multiplier is not asserted clinically plausible
update,update outcome-regression completion propagated to canonical target MAR,OR-completion sensitivity,False,0.5,-0.6931471805599453,update_beta,0.8915444601297051,0.7196074919200247,1.0671463452368817,1000,retained patient/operation,data/processed/mnar_chain_bootstrap_v32.parquet,parameterized OR-completion sensitivity with sampling interval; multiplier is not asserted clinically plausible
update,update outcome-regression completion propagated to canonical target MAR,OR-completion sensitivity,False,0.5,-0.6931471805599453,target_oe_ratio,1.0615221011566605,0.9080810957681746,1.2318915631429168,1000,retained patient/operation,data/processed/mnar_chain_bootstrap_v32.parquet,parameterized OR-completion sensitivity with sampling interval; multiplier is not asserted clinically plausible
update,update outcome-regression completion propagated to canonical target MAR,OR-completion sensitivity,False,0.5,-0.6931471805599453,target_calibration_slope,0.8838679777475434,0.6873913565134443,1.163857035925386,1000,retained patient/operation,data/processed/mnar_chain_bootstrap_v32.parquet,parameterized OR-completion sensitivity with sampling interval; multiplier is not asserted clinically plausible
update,update outcome-regression completion propagated to canonical target MAR,OR-completion sensitivity,False,0.5,-0.6931471805599453,target_auroc,0.6737184414934936,0.6325981421036303,0.7168306550636632,1000,retained patient/operation,data/processed/mnar_chain_bootstrap_v32.parquet,parameterized OR-completion sensitivity with sampling interval; multiplier is not asserted clinically plausible
update,update outcome-regression completion propagated to canonical target MAR,OR-completion sensitivity,False,0.5,-0.6931471805599453,target_brier,0.0936893951175016,0.08433404191950046,0.10352073740754089,1000,retained patient/operation,data/processed/mnar_chain_bootstrap_v32.parquet,parameterized OR-completion sensitivity with sampling interval; multiplier is not asserted clinically plausible
update,update outcome-regression completion propagated to canonical target MAR,OR-completion sensitivity,False,0.5,-0.6931471805599453,threshold_5_alerts,2227.0,1887.925,2471.0,1000,retained patient/operation,data/processed/mnar_chain_bootstrap_v32.parquet,parameterized OR-completion sensitivity with sampling interval; multiplier is not asserted clinically plausible
update,update outcome-regression completion propagated to canonical target MAR,OR-completion sensitivity,False,0.5,-0.6931471805599453,threshold_5_alerts_per_1000,860.8426749130267,729.7738693467337,955.1604174719753,1000,retained patient/operation,data/processed/mnar_chain_bootstrap_v32.parquet,parameterized OR-completion sensitivity with sampling interval; multiplier is not asserted clinically plausible
update,update outcome-regression completion propagated to canonical target MAR,OR-completion sensitivity,False,0.5,-0.6931471805599453,threshold_10_alerts,866.0,692.95,1127.025,1000,retained patient/operation,data/processed/mnar_chain_bootstrap_v32.parquet,parameterized OR-completion sensitivity with sampling interval; multiplier is not asserted clinically plausible
update,update outcome-regression completion propagated to canonical target MAR,OR-completion sensitivity,False,0.5,-0.6931471805599453,threshold_10_alerts_per_1000,334.75067645921916,267.85852338616155,435.64940085040587,1000,retained patient/operation,data/processed/mnar_chain_bootstrap_v32.parquet,parameterized OR-completion sensitivity with sampling interval; multiplier is not asserted clinically plausible
update,update outcome-regression completion propagated to canonical target MAR,OR-completion sensitivity,False,0.5,-0.6931471805599453,threshold_20_alerts,211.0,157.975,275.025,1000,retained patient/operation,data/processed/mnar_chain_bootstrap_v32.parquet,parameterized OR-completion sensitivity with sampling interval; multiplier is not asserted clinically plausible
update,update outcome-regression completion propagated to canonical target MAR,OR-completion sensitivity,False,0.5,-0.6931471805599453,threshold_20_alerts_per_1000,81.56165442597603,61.06494008504059,106.31039814456898,1000,retained patient/operation,data/processed/mnar_chain_bootstrap_v32.parquet,parameterized OR-completion sensitivity with sampling interval; multiplier is not asserted clinically plausible
update,update outcome-regression completion propagated to canonical target MAR,OR-completion sensitivity,False,0.6666666667,-0.40546510805816444,update_alpha,0.14648624598295676,-0.29223249273287905,0.5596302938117622,1000,retained patient/operation,data/processed/mnar_chain_bootstrap_v32.parquet,parameterized OR-completion sensitivity with sampling interval; multiplier is not asserted clinically plausible
update,update outcome-regression completion propagated to canonical target MAR,OR-completion sensitivity,False,0.6666666667,-0.40546510805816444,update_beta,0.8780474512771032,0.7060892844347981,1.052368646902522,1000,retained patient/operation,data/processed/mnar_chain_bootstrap_v32.parquet,parameterized OR-completion sensitivity with sampling interval; multiplier is not asserted clinically plausible
update,update outcome-regression completion propagated to canonical target MAR,OR-completion sensitivity,False,0.6666666667,-0.40546510805816444,target_oe_ratio,1.0365144269276463,0.8864994663313467,1.2017455873902343,1000,retained patient/operation,data/processed/mnar_chain_bootstrap_v32.parquet,parameterized OR-completion sensitivity with sampling interval; multiplier is not asserted clinically plausible
update,update outcome-regression completion propagated to canonical target MAR,OR-completion sensitivity,False,0.6666666667,-0.40546510805816444,target_calibration_slope,0.8974544575019558,0.6959476164878085,1.1882373696951714,1000,retained patient/operation,data/processed/mnar_chain_bootstrap_v32.parquet,parameterized OR-completion sensitivity with sampling interval; multiplier is not asserted clinically plausible
update,update outcome-regression completion propagated to canonical target MAR,OR-completion sensitivity,False,0.6666666667,-0.40546510805816444,target_auroc,0.6737184414934936,0.6325981421036303,0.7168306550636632,1000,retained patient/operation,data/processed/mnar_chain_bootstrap_v32.parquet,parameterized OR-completion sensitivity with sampling interval; multiplier is not asserted clinically plausible
update,update outcome-regression completion propagated to canonical target MAR,OR-completion sensitivity,False,0.6666666667,-0.40546510805816444,target_brier,0.09364893150673308,0.0843565934624082,0.10338616332448208,1000,retained patient/operation,data/processed/mnar_chain_bootstrap_v32.parquet,parameterized OR-completion sensitivity with sampling interval; multiplier is not asserted clinically plausible
update,update outcome-regression completion propagated to canonical target MAR,OR-completion sensitivity,False,0.6666666667,-0.40546510805816444,threshold_5_alerts,2286.0,1945.975,2502.05,1000,retained patient/operation,data/processed/mnar_chain_bootstrap_v32.parquet,parameterized OR-completion sensitivity with sampling interval; multiplier is not asserted clinically plausible
update,update outcome-regression completion propagated to canonical target MAR,OR-completion sensitivity,False,0.6666666667,-0.40546510805816444,threshold_5_alerts_per_1000,883.6490143022806,752.2129880170081,967.1627367607267,1000,retained patient/operation,data/processed/mnar_chain_bootstrap_v32.parquet,parameterized OR-completion sensitivity with sampling interval; multiplier is not asserted clinically plausible
update,update outcome-regression completion propagated to canonical target MAR,OR-completion sensitivity,False,0.6666666667,-0.40546510805816444,threshold_10_alerts,937.0,728.975,1203.125,1000,retained patient/operation,data/processed/mnar_chain_bootstrap_v32.parquet,parameterized OR-completion sensitivity with sampling interval; multiplier is not asserted clinically plausible
update,update outcome-regression completion propagated to canonical target MAR,OR-completion sensitivity,False,0.6666666667,-0.40546510805816444,threshold_10_alerts_per_1000,362.1955933513722,281.78391959798995,465.0657131812911,1000,retained patient/operation,data/processed/mnar_chain_bootstrap_v32.parquet,parameterized OR-completion sensitivity with sampling interval; multiplier is not asserted clinically plausible
update,update outcome-regression completion propagated to canonical target MAR,OR-completion sensitivity,False,0.6666666667,-0.40546510805816444,threshold_20_alerts,215.0,162.0,283.0,1000,retained patient/operation,data/processed/mnar_chain_bootstrap_v32.parquet,parameterized OR-completion sensitivity with sampling interval; multiplier is not asserted clinically plausible
update,update outcome-regression completion propagated to canonical target MAR,OR-completion sensitivity,False,0.6666666667,-0.40546510805816444,threshold_20_alerts_per_1000,83.1078469269424,62.620796289138,109.3931194433707,1000,retained patient/operation,data/processed/mnar_chain_bootstrap_v32.parquet,parameterized OR-completion sensitivity with sampling interval; multiplier is not asserted clinically plausible
update,update outcome-regression completion propagated to canonical target MAR,"OR-completion reference, k=1",False,1.0,0.0,update_alpha,0.13431012978389253,-0.30058962688576024,0.5460041544365298,1000,retained patient/operation,data/processed/mnar_chain_bootstrap_v32.parquet,parameterized OR-completion sensitivity with sampling interval; multiplier is not asserted clinically plausible
update,update outcome-regression completion propagated to canonical target MAR,"OR-completion reference, k=1",False,1.0,0.0,update_beta,0.8513842243744899,0.6808886230245431,1.0226949450032234,1000,retained patient/operation,data/processed/mnar_chain_bootstrap_v32.parquet,parameterized OR-completion sensitivity with sampling interval; multiplier is not asserted clinically plausible
update,update outcome-regression completion propagated to canonical target MAR,"OR-completion reference, k=1",False,1.0,0.0,target_oe_ratio,0.9929752242225757,0.8518173543801275,1.1537169715522686,1000,retained patient/operation,data/processed/mnar_chain_bootstrap_v32.parquet,parameterized OR-completion sensitivity with sampling interval; multiplier is not asserted clinically plausible
update,update outcome-regression completion propagated to canonical target MAR,"OR-completion reference, k=1",False,1.0,0.0,target_calibration_slope,0.9255604890093135,0.7167202022991435,1.2349155680369546,1000,retained patient/operation,data/processed/mnar_chain_bootstrap_v32.parquet,parameterized OR-completion sensitivity with sampling interval; multiplier is not asserted clinically plausible
update,update outcome-regression completion propagated to canonical target MAR,"OR-completion reference, k=1",False,1.0,0.0,target_auroc,0.6737184414934936,0.6325981421036303,0.7168306550636632,1000,retained patient/operation,data/processed/mnar_chain_bootstrap_v32.parquet,parameterized OR-completion sensitivity with sampling interval; multiplier is not asserted clinically plausible
update,update outcome-regression completion propagated to canonical target MAR,"OR-completion reference, k=1",False,1.0,0.0,target_brier,0.09360526846489137,0.08438915979990841,0.10317783203844656,1000,retained patient/operation,data/processed/mnar_chain_bootstrap_v32.parquet,parameterized OR-completion sensitivity with sampling interval; multiplier is not asserted clinically plausible
update,update outcome-regression completion propagated to canonical target MAR,"OR-completion reference, k=1",False,1.0,0.0,threshold_5_alerts,2370.0,2059.975,2547.025,1000,retained patient/operation,data/processed/mnar_chain_bootstrap_v32.parquet,parameterized OR-completion sensitivity with sampling interval; multiplier is not asserted clinically plausible
update,update outcome-regression completion propagated to canonical target MAR,"OR-completion reference, k=1",False,1.0,0.0,threshold_5_alerts_per_1000,916.1190568225744,796.2794742945496,984.5477386934674,1000,retained patient/operation,data/processed/mnar_chain_bootstrap_v32.parquet,parameterized OR-completion sensitivity with sampling interval; multiplier is not asserted clinically plausible
update,update outcome-regression completion propagated to canonical target MAR,"OR-completion reference, k=1",False,1.0,0.0,threshold_10_alerts,1049.0,803.0,1323.0,1000,retained patient/operation,data/processed/mnar_chain_bootstrap_v32.parquet,parameterized OR-completion sensitivity with sampling interval; multiplier is not asserted clinically plausible
update,update outcome-regression completion propagated to canonical target MAR,"OR-completion reference, k=1",False,1.0,0.0,threshold_10_alerts_per_1000,405.4889833784306,310.3981445689988,511.40316969462697,1000,retained patient/operation,data/processed/mnar_chain_bootstrap_v32.parquet,parameterized OR-completion sensitivity with sampling interval; multiplier is not asserted clinically plausible
update,update outcome-regression completion propagated to canonical target MAR,"OR-completion reference, k=1",False,1.0,0.0,threshold_20_alerts,226.0,167.975,298.025,1000,retained patient/operation,data/processed/mnar_chain_bootstrap_v32.parquet,parameterized OR-completion sensitivity with sampling interval; multiplier is not asserted clinically plausible
update,update outcome-regression completion propagated to canonical target MAR,"OR-completion reference, k=1",False,1.0,0.0,threshold_20_alerts_per_1000,87.35987630459992,64.93042133745651,115.20100502512561,1000,retained patient/operation,data/processed/mnar_chain_bootstrap_v32.parquet,parameterized OR-completion sensitivity with sampling interval; multiplier is not asserted clinically plausible
update,update outcome-regression completion propagated to canonical target MAR,OR-completion sensitivity,False,1.5,0.4054651081081644,update_alpha,0.10960278012641739,-0.32001705019993304,0.5080561991759092,1000,retained patient/operation,data/processed/mnar_chain_bootstrap_v32.parquet,parameterized OR-completion sensitivity with sampling interval; multiplier is not asserted clinically plausible
update,update outcome-regression completion propagated to canonical target MAR,OR-completion sensitivity,False,1.5,0.4054651081081644,update_beta,0.8134857155164689,0.6462481083224649,0.9793633290414225,1000,retained patient/operation,data/processed/mnar_chain_bootstrap_v32.parquet,parameterized OR-completion sensitivity with sampling interval; multiplier is not asserted clinically plausible
update,update outcome-regression completion propagated to canonical target MAR,OR-completion sensitivity,False,1.5,0.4054651081081644,target_oe_ratio,0.9393899961603092,0.8060755050151808,1.0938155334668436,1000,retained patient/operation,data/processed/mnar_chain_bootstrap_v32.parquet,parameterized OR-completion sensitivity with sampling interval; multiplier is not asserted clinically plausible
update,update outcome-regression completion propagated to canonical target MAR,OR-completion sensitivity,False,1.5,0.4054651081081644,target_calibration_slope,0.9686803148676985,0.7481821834355542,1.2971565284764432,1000,retained patient/operation,data/processed/mnar_chain_bootstrap_v32.parquet,parameterized OR-completion sensitivity with sampling interval; multiplier is not asserted clinically plausible
update,update outcome-regression completion propagated to canonical target MAR,OR-completion sensitivity,False,1.5,0.4054651081081644,target_auroc,0.6737184414934936,0.6325981421036303,0.7168306550636632,1000,retained patient/operation,data/processed/mnar_chain_bootstrap_v32.parquet,parameterized OR-completion sensitivity with sampling interval; multiplier is not asserted clinically plausible
update,update outcome-regression completion propagated to canonical target MAR,OR-completion sensitivity,False,1.5,0.4054651081081644,target_brier,0.09361698984666052,0.08452649064556797,0.10298395341290574,1000,retained patient/operation,data/processed/mnar_chain_bootstrap_v32.parquet,parameterized OR-completion sensitivity with sampling interval; multiplier is not asserted clinically plausible
update,update outcome-regression completion propagated to canonical target MAR,OR-completion sensitivity,False,1.5,0.4054651081081644,threshold_5_alerts,2463.0,2207.95,2580.0,1000,retained patient/operation,data/processed/mnar_chain_bootstrap_v32.parquet,parameterized OR-completion sensitivity with sampling interval; multiplier is not asserted clinically plausible
update,update outcome-regression completion propagated to canonical target MAR,OR-completion sensitivity,False,1.5,0.4054651081081644,threshold_5_alerts_per_1000,952.0680324700426,853.4789331271744,997.2941631233089,1000,retained patient/operation,data/processed/mnar_chain_bootstrap_v32.parquet,parameterized OR-completion sensitivity with sampling interval; multiplier is not asserted clinically plausible
update,update outcome-regression completion propagated to canonical target MAR,OR-completion sensitivity,False,1.5,0.4054651081081644,threshold_10_alerts,1200.0,911.9,1544.0,1000,retained patient/operation,data/processed/mnar_chain_bootstrap_v32.parquet,parameterized OR-completion sensitivity with sampling interval; multiplier is not asserted clinically plausible
update,update outcome-regression completion propagated to canonical target MAR,OR-completion sensitivity,False,1.5,0.4054651081081644,threshold_10_alerts_per_1000,463.8577502899111,352.4932354078083,596.830305373019,1000,retained patient/operation,data/processed/mnar_chain_bootstrap_v32.parquet,parameterized OR-completion sensitivity with sampling interval; multiplier is not asserted clinically plausible
update,update outcome-regression completion propagated to canonical target MAR,OR-completion sensitivity,False,1.5,0.4054651081081644,threshold_20_alerts,240.0,176.975,323.025,1000,retained patient/operation,data/processed/mnar_chain_bootstrap_v32.parquet,parameterized OR-completion sensitivity with sampling interval; multiplier is not asserted clinically plausible
update,update outcome-regression completion propagated to canonical target MAR,OR-completion sensitivity,False,1.5,0.4054651081081644,threshold_20_alerts_per_1000,92.77155005798222,68.40935446463085,124.86470815616543,1000,retained patient/operation,data/processed/mnar_chain_bootstrap_v32.parquet,parameterized OR-completion sensitivity with sampling interval; multiplier is not asserted clinically plausible
update,update outcome-regression completion propagated to canonical target MAR,OR-completion sensitivity,False,2.0,0.6931471805599453,update_alpha,0.08216344692108124,-0.33998049451971996,0.4766489022877924,1000,retained patient/operation,data/processed/mnar_chain_bootstrap_v32.parquet,parameterized OR-completion sensitivity with sampling interval; multiplier is not asserted clinically plausible
update,update outcome-regression completion propagated to canonical target MAR,OR-completion sensitivity,False,2.0,0.6931471805599453,update_beta,0.7786537263483986,0.608961204443346,0.9443794133572558,1000,retained patient/operation,data/processed/mnar_chain_bootstrap_v32.parquet,parameterized OR-completion sensitivity with sampling interval; multiplier is not asserted clinically plausible
update,update outcome-regression completion propagated to canonical target MAR,OR-completion sensitivity,False,2.0,0.6931471805599453,target_oe_ratio,0.8956637623928633,0.7692789893306062,1.042392907135913,1000,retained patient/operation,data/processed/mnar_chain_bootstrap_v32.parquet,parameterized OR-completion sensitivity with sampling interval; multiplier is not asserted clinically plausible
update,update outcome-regression completion propagated to canonical target MAR,OR-completion sensitivity,False,2.0,0.6931471805599453,target_calibration_slope,1.0120128786159364,0.7731219718232011,1.3677116468051802,1000,retained patient/operation,data/processed/mnar_chain_bootstrap_v32.parquet,parameterized OR-completion sensitivity with sampling interval; multiplier is not asserted clinically plausible
update,update outcome-regression completion propagated to canonical target MAR,OR-completion sensitivity,False,2.0,0.6931471805599453,target_auroc,0.6737184414934936,0.6325981421036303,0.7168306550636632,1000,retained patient/operation,data/processed/mnar_chain_bootstrap_v32.parquet,parameterized OR-completion sensitivity with sampling interval; multiplier is not asserted clinically plausible
update,update outcome-regression completion propagated to canonical target MAR,OR-completion sensitivity,False,2.0,0.6931471805599453,target_brier,0.09370256872066704,0.0847586413938016,0.10289340065922684,1000,retained patient/operation,data/processed/mnar_chain_bootstrap_v32.parquet,parameterized OR-completion sensitivity with sampling interval; multiplier is not asserted clinically plausible
update,update outcome-regression completion propagated to canonical target MAR,OR-completion sensitivity,False,2.0,0.6931471805599453,threshold_5_alerts,2522.0,2319.925,2587.0,1000,retained patient/operation,data/processed/mnar_chain_bootstrap_v32.parquet,parameterized OR-completion sensitivity with sampling interval; multiplier is not asserted clinically plausible
update,update outcome-regression completion propagated to canonical target MAR,OR-completion sensitivity,False,2.0,0.6931471805599453,threshold_5_alerts_per_1000,974.8743718592965,896.7626594511016,1000.0,1000,retained patient/operation,data/processed/mnar_chain_bootstrap_v32.parquet,parameterized OR-completion sensitivity with sampling interval; multiplier is not asserted clinically plausible
update,update outcome-regression completion propagated to canonical target MAR,OR-completion sensitivity,False,2.0,0.6931471805599453,threshold_10_alerts,1343.0,1025.0,1751.0749999999998,1000,retained patient/operation,data/processed/mnar_chain_bootstrap_v32.parquet,parameterized OR-completion sensitivity with sampling interval; multiplier is not asserted clinically plausible
update,update outcome-regression completion propagated to canonical target MAR,OR-completion sensitivity,False,2.0,0.6931471805599453,threshold_10_alerts_per_1000,519.1341321994588,396.2118283726324,676.8747584074217,1000,retained patient/operation,data/processed/mnar_chain_bootstrap_v32.parquet,parameterized OR-completion sensitivity with sampling interval; multiplier is not asserted clinically plausible
update,update outcome-regression completion propagated to canonical target MAR,OR-completion sensitivity,False,2.0,0.6931471805599453,threshold_20_alerts,262.0,185.975,346.025,1000,retained patient/operation,data/processed/mnar_chain_bootstrap_v32.parquet,parameterized OR-completion sensitivity with sampling interval; multiplier is not asserted clinically plausible
update,update outcome-regression completion propagated to canonical target MAR,OR-completion sensitivity,False,2.0,0.6931471805599453,threshold_20_alerts_per_1000,101.27560881329725,71.88828759180518,133.75531503672207,1000,retained patient/operation,data/processed/mnar_chain_bootstrap_v32.parquet,parameterized OR-completion sensitivity with sampling interval; multiplier is not asserted clinically plausible
update,update outcome-regression completion propagated to canonical target MAR,OR-completion sensitivity,False,3.0,1.0986122886681098,update_alpha,0.02721297290894677,-0.3934243799756683,0.4129916802707608,1000,retained patient/operation,data/processed/mnar_chain_bootstrap_v32.parquet,parameterized OR-completion sensitivity with sampling interval; multiplier is not asserted clinically plausible
update,update outcome-regression completion propagated to canonical target MAR,OR-completion sensitivity,False,3.0,1.0986122886681098,update_beta,0.7176890703537195,0.5493050875019365,0.8816043897044673,1000,retained patient/operation,data/processed/mnar_chain_bootstrap_v32.parquet,parameterized OR-completion sensitivity with sampling interval; multiplier is not asserted clinically plausible
update,update outcome-regression completion propagated to canonical target MAR,OR-completion sensitivity,False,3.0,1.0986122886681098,target_oe_ratio,0.8276606626156047,0.7121570813373685,0.9663561850532102,1000,retained patient/operation,data/processed/mnar_chain_bootstrap_v32.parquet,parameterized OR-completion sensitivity with sampling interval; multiplier is not asserted clinically plausible
update,update outcome-regression completion propagated to canonical target MAR,OR-completion sensitivity,False,3.0,1.0986122886681098,target_calibration_slope,1.0979790993033944,0.8265116298269849,1.5024787870915441,1000,retained patient/operation,data/processed/mnar_chain_bootstrap_v32.parquet,parameterized OR-completion sensitivity with sampling interval; multiplier is not asserted clinically plausible
update,update outcome-regression completion propagated to canonical target MAR,OR-completion sensitivity,False,3.0,1.0986122886681098,target_auroc,0.6737184414934936,0.6325981421036303,0.7168306550636632,1000,retained patient/operation,data/processed/mnar_chain_bootstrap_v32.parquet,parameterized OR-completion sensitivity with sampling interval; multiplier is not asserted clinically plausible
update,update outcome-regression completion propagated to canonical target MAR,OR-completion sensitivity,False,3.0,1.0986122886681098,target_brier,0.09403629892687433,0.08534738468042029,0.10297074546251177,1000,retained patient/operation,data/processed/mnar_chain_bootstrap_v32.parquet,parameterized OR-completion sensitivity with sampling interval; multiplier is not asserted clinically plausible
update,update outcome-regression completion propagated to canonical target MAR,OR-completion sensitivity,False,3.0,1.0986122886681098,threshold_5_alerts,2579.0,2455.95,2587.0,1000,retained patient/operation,data/processed/mnar_chain_bootstrap_v32.parquet,parameterized OR-completion sensitivity with sampling interval; multiplier is not asserted clinically plausible
update,update outcome-regression completion propagated to canonical target MAR,OR-completion sensitivity,False,3.0,1.0986122886681098,threshold_5_alerts_per_1000,996.9076149980673,949.3428681870893,1000.0,1000,retained patient/operation,data/processed/mnar_chain_bootstrap_v32.parquet,parameterized OR-completion sensitivity with sampling interval; multiplier is not asserted clinically plausible
update,update outcome-regression completion propagated to canonical target MAR,OR-completion sensitivity,False,3.0,1.0986122886681098,threshold_10_alerts,1658.0,1259.95,2098.1,1000,retained patient/operation,data/processed/mnar_chain_bootstrap_v32.parquet,parameterized OR-completion sensitivity with sampling interval; multiplier is not asserted clinically plausible
update,update outcome-regression completion propagated to canonical target MAR,OR-completion sensitivity,False,3.0,1.0986122886681098,threshold_10_alerts_per_1000,640.8967916505605,487.03131039814457,811.0166215693853,1000,retained patient/operation,data/processed/mnar_chain_bootstrap_v32.parquet,parameterized OR-completion sensitivity with sampling interval; multiplier is not asserted clinically plausible
update,update outcome-regression completion propagated to canonical target MAR,OR-completion sensitivity,False,3.0,1.0986122886681098,threshold_20_alerts,290.0,201.0,396.0,1000,retained patient/operation,data/processed/mnar_chain_bootstrap_v32.parquet,parameterized OR-completion sensitivity with sampling interval; multiplier is not asserted clinically plausible
update,update outcome-regression completion propagated to canonical target MAR,OR-completion sensitivity,False,3.0,1.0986122886681098,threshold_20_alerts_per_1000,112.09895632006184,77.69617317356011,153.07305759567066,1000,retained patient/operation,data/processed/mnar_chain_bootstrap_v32.parquet,parameterized OR-completion sensitivity with sampling interval; multiplier is not asserted clinically plausible
target,target outcome-regression completion,OR-completion sensitivity,False,0.5,-0.6931471805599453,update_alpha,0.20656832275280892,-0.23935664093907516,0.644483898026365,1000,retained patient/operation,data/processed/mnar_chain_bootstrap_v32.parquet,parameterized OR-completion sensitivity with sampling interval; multiplier is not asserted clinically plausible
target,target outcome-regression completion,OR-completion sensitivity,False,0.5,-0.6931471805599453,update_beta,0.8909563129251556,0.7152888864175401,1.0735522947715348,1000,retained patient/operation,data/processed/mnar_chain_bootstrap_v32.parquet,parameterized OR-completion sensitivity with sampling interval; multiplier is not asserted clinically plausible
target,target outcome-regression completion,OR-completion sensitivity,False,0.5,-0.6931471805599453,target_oe_ratio,0.9717446242945806,0.8303469380730633,1.1305760540180179,1000,retained patient/operation,data/processed/mnar_chain_bootstrap_v32.parquet,parameterized OR-completion sensitivity with sampling interval; multiplier is not asserted clinically plausible
target,target outcome-regression completion,OR-completion sensitivity,False,0.5,-0.6931471805599453,target_calibration_slope,0.909369617540129,0.7068318594385921,1.177878803631162,1000,retained patient/operation,data/processed/mnar_chain_bootstrap_v32.parquet,parameterized OR-completion sensitivity with sampling interval; multiplier is not asserted clinically plausible
target,target outcome-regression completion,OR-completion sensitivity,False,0.5,-0.6931471805599453,target_auroc,0.6784083340673205,0.6403468098229175,0.7198850738542606,1000,retained patient/operation,data/processed/mnar_chain_bootstrap_v32.parquet,parameterized OR-completion sensitivity with sampling interval; multiplier is not asserted clinically plausible
target,target outcome-regression completion,OR-completion sensitivity,False,0.5,-0.6931471805599453,target_brier,0.09045366821739606,0.08162897326478079,0.0994522703097519,1000,retained patient/operation,data/processed/mnar_chain_bootstrap_v32.parquet,parameterized OR-completion sensitivity with sampling interval; multiplier is not asserted clinically plausible
target,target outcome-regression completion,OR-completion sensitivity,False,0.5,-0.6931471805599453,threshold_5_alerts,2309.0,1954.0000000000002,2513.0,1000,retained patient/operation,data/processed/mnar_chain_bootstrap_v32.parquet,parameterized OR-completion sensitivity with sampling interval; multiplier is not asserted clinically plausible
target,target outcome-regression completion,OR-completion sensitivity,False,0.5,-0.6931471805599453,threshold_5_alerts_per_1000,892.5396211828372,755.315036722072,971.3954387321221,1000,retained patient/operation,data/processed/mnar_chain_bootstrap_v32.parquet,parameterized OR-completion sensitivity with sampling interval; multiplier is not asserted clinically plausible
target,target outcome-regression completion,OR-completion sensitivity,False,0.5,-0.6931471805599453,threshold_10_alerts,980.0,754.9749999999999,1259.05,1000,retained patient/operation,data/processed/mnar_chain_bootstrap_v32.parquet,parameterized OR-completion sensitivity with sampling interval; multiplier is not asserted clinically plausible
target,target outcome-regression completion,OR-completion sensitivity,False,0.5,-0.6931471805599453,threshold_10_alerts_per_1000,378.81716273676074,291.83417085427135,486.6834170854271,1000,retained patient/operation,data/processed/mnar_chain_bootstrap_v32.parquet,parameterized OR-completion sensitivity with sampling interval; multiplier is not asserted clinically plausible
target,target outcome-regression completion,OR-completion sensitivity,False,0.5,-0.6931471805599453,threshold_20_alerts,226.00000000000003,168.0,298.04999999999995,1000,retained patient/operation,data/processed/mnar_chain_bootstrap_v32.parquet,parameterized OR-completion sensitivity with sampling interval; multiplier is not asserted clinically plausible
target,target outcome-regression completion,OR-completion sensitivity,False,0.5,-0.6931471805599453,threshold_20_alerts_per_1000,87.35987630459994,64.94008504058755,115.21066872825665,1000,retained patient/operation,data/processed/mnar_chain_bootstrap_v32.parquet,parameterized OR-completion sensitivity with sampling interval; multiplier is not asserted clinically plausible
target,target outcome-regression completion,OR-completion sensitivity,False,0.6666666667,-0.40546510805816444,update_alpha,0.20656832275280892,-0.23935664093907516,0.644483898026365,1000,retained patient/operation,data/processed/mnar_chain_bootstrap_v32.parquet,parameterized OR-completion sensitivity with sampling interval; multiplier is not asserted clinically plausible
target,target outcome-regression completion,OR-completion sensitivity,False,0.6666666667,-0.40546510805816444,update_beta,0.8909563129251556,0.7152888864175401,1.0735522947715348,1000,retained patient/operation,data/processed/mnar_chain_bootstrap_v32.parquet,parameterized OR-completion sensitivity with sampling interval; multiplier is not asserted clinically plausible
target,target outcome-regression completion,OR-completion sensitivity,False,0.6666666667,-0.40546510805816444,target_oe_ratio,0.9909137657595786,0.8463267705695589,1.1516619736280411,1000,retained patient/operation,data/processed/mnar_chain_bootstrap_v32.parquet,parameterized OR-completion sensitivity with sampling interval; multiplier is not asserted clinically plausible
target,target outcome-regression completion,OR-completion sensitivity,False,0.6666666667,-0.40546510805816444,target_calibration_slope,0.8967138650902103,0.6981329961059315,1.1608384647567145,1000,retained patient/operation,data/processed/mnar_chain_bootstrap_v32.parquet,parameterized OR-completion sensitivity with sampling interval; multiplier is not asserted clinically plausible
target,target outcome-regression completion,OR-completion sensitivity,False,0.6666666667,-0.40546510805816444,target_auroc,0.6747907809881114,0.6368534226923975,0.7164638262699978,1000,retained patient/operation,data/processed/mnar_chain_bootstrap_v32.parquet,parameterized OR-completion sensitivity with sampling interval; multiplier is not asserted clinically plausible
target,target outcome-regression completion,OR-completion sensitivity,False,0.6666666667,-0.40546510805816444,target_brier,0.09210092491154694,0.08323491906916725,0.101282033878915,1000,retained patient/operation,data/processed/mnar_chain_bootstrap_v32.parquet,parameterized OR-completion sensitivity with sampling interval; multiplier is not asserted clinically plausible
target,target outcome-regression completion,OR-completion sensitivity,False,0.6666666667,-0.40546510805816444,threshold_5_alerts,2309.0,1954.0,2512.9999999999995,1000,retained patient/operation,data/processed/mnar_chain_bootstrap_v32.parquet,parameterized OR-completion sensitivity with sampling interval; multiplier is not asserted clinically plausible
target,target outcome-regression completion,OR-completion sensitivity,False,0.6666666667,-0.40546510805816444,threshold_5_alerts_per_1000,892.5396211828372,755.3150367220719,971.395438732122,1000,retained patient/operation,data/processed/mnar_chain_bootstrap_v32.parquet,parameterized OR-completion sensitivity with sampling interval; multiplier is not asserted clinically plausible
target,target outcome-regression completion,OR-completion sensitivity,False,0.6666666667,-0.40546510805816444,threshold_10_alerts,980.0,754.9749999999999,1259.05,1000,retained patient/operation,data/processed/mnar_chain_bootstrap_v32.parquet,parameterized OR-completion sensitivity with sampling interval; multiplier is not asserted clinically plausible
target,target outcome-regression completion,OR-completion sensitivity,False,0.6666666667,-0.40546510805816444,threshold_10_alerts_per_1000,378.81716273676074,291.83417085427135,486.6834170854271,1000,retained patient/operation,data/processed/mnar_chain_bootstrap_v32.parquet,parameterized OR-completion sensitivity with sampling interval; multiplier is not asserted clinically plausible
target,target outcome-regression completion,OR-completion sensitivity,False,0.6666666667,-0.40546510805816444,threshold_20_alerts,226.0,168.0,298.04999999999995,1000,retained patient/operation,data/processed/mnar_chain_bootstrap_v32.parquet,parameterized OR-completion sensitivity with sampling interval; multiplier is not asserted clinically plausible
target,target outcome-regression completion,OR-completion sensitivity,False,0.6666666667,-0.40546510805816444,threshold_20_alerts_per_1000,87.35987630459992,64.94008504058755,115.21066872825665,1000,retained patient/operation,data/processed/mnar_chain_bootstrap_v32.parquet,parameterized OR-completion sensitivity with sampling interval; multiplier is not asserted clinically plausible
target,target outcome-regression completion,"OR-completion reference, k=1",False,1.0,0.0,update_alpha,0.20656832275280892,-0.23935664093907516,0.644483898026365,1000,retained patient/operation,data/processed/mnar_chain_bootstrap_v32.parquet,parameterized OR-completion sensitivity with sampling interval; multiplier is not asserted clinically plausible
target,target outcome-regression completion,"OR-completion reference, k=1",False,1.0,0.0,update_beta,0.8909563129251556,0.7152888864175401,1.0735522947715348,1000,retained patient/operation,data/processed/mnar_chain_bootstrap_v32.parquet,parameterized OR-completion sensitivity with sampling interval; multiplier is not asserted clinically plausible
target,target outcome-regression completion,"OR-completion reference, k=1",False,1.0,0.0,target_oe_ratio,1.0267883710377335,0.8745705682357412,1.193365555405744,1000,retained patient/operation,data/processed/mnar_chain_bootstrap_v32.parquet,parameterized OR-completion sensitivity with sampling interval; multiplier is not asserted clinically plausible
target,target outcome-regression completion,"OR-completion reference, k=1",False,1.0,0.0,target_calibration_slope,0.8719334872376914,0.6718884170339168,1.137783916532756,1000,retained patient/operation,data/processed/mnar_chain_bootstrap_v32.parquet,parameterized OR-completion sensitivity with sampling interval; multiplier is not asserted clinically plausible
target,target outcome-regression completion,"OR-completion reference, k=1",False,1.0,0.0,target_auroc,0.667887908948307,0.6292552822367148,0.7092886258850662,1000,retained patient/operation,data/processed/mnar_chain_bootstrap_v32.parquet,parameterized OR-completion sensitivity with sampling interval; multiplier is not asserted clinically plausible
target,target outcome-regression completion,"OR-completion reference, k=1",False,1.0,0.0,target_brier,0.0952155558455621,0.0858784697919106,0.10472553597015023,1000,retained patient/operation,data/processed/mnar_chain_bootstrap_v32.parquet,parameterized OR-completion sensitivity with sampling interval; multiplier is not asserted clinically plausible
target,target outcome-regression completion,"OR-completion reference, k=1",False,1.0,0.0,threshold_5_alerts,2309.0,1954.0,2512.9999999999995,1000,retained patient/operation,data/processed/mnar_chain_bootstrap_v32.parquet,parameterized OR-completion sensitivity with sampling interval; multiplier is not asserted clinically plausible
target,target outcome-regression completion,"OR-completion reference, k=1",False,1.0,0.0,threshold_5_alerts_per_1000,892.5396211828372,755.3150367220719,971.395438732122,1000,retained patient/operation,data/processed/mnar_chain_bootstrap_v32.parquet,parameterized OR-completion sensitivity with sampling interval; multiplier is not asserted clinically plausible
target,target outcome-regression completion,"OR-completion reference, k=1",False,1.0,0.0,threshold_10_alerts,980.0,754.9749999999999,1259.0500000000002,1000,retained patient/operation,data/processed/mnar_chain_bootstrap_v32.parquet,parameterized OR-completion sensitivity with sampling interval; multiplier is not asserted clinically plausible
target,target outcome-regression completion,"OR-completion reference, k=1",False,1.0,0.0,threshold_10_alerts_per_1000,378.81716273676074,291.83417085427135,486.6834170854272,1000,retained patient/operation,data/processed/mnar_chain_bootstrap_v32.parquet,parameterized OR-completion sensitivity with sampling interval; multiplier is not asserted clinically plausible
target,target outcome-regression completion,"OR-completion reference, k=1",False,1.0,0.0,threshold_20_alerts,226.0,168.0,298.04999999999995,1000,retained patient/operation,data/processed/mnar_chain_bootstrap_v32.parquet,parameterized OR-completion sensitivity with sampling interval; multiplier is not asserted clinically plausible
target,target outcome-regression completion,"OR-completion reference, k=1",False,1.0,0.0,threshold_20_alerts_per_1000,87.35987630459992,64.94008504058755,115.21066872825665,1000,retained patient/operation,data/processed/mnar_chain_bootstrap_v32.parquet,parameterized OR-completion sensitivity with sampling interval; multiplier is not asserted clinically plausible
target,target outcome-regression completion,OR-completion sensitivity,False,1.5,0.4054651081081644,update_alpha,0.20656832275280892,-0.23935664093907516,0.644483898026365,1000,retained patient/operation,data/processed/mnar_chain_bootstrap_v32.parquet,parameterized OR-completion sensitivity with sampling interval; multiplier is not asserted clinically plausible
target,target outcome-regression completion,OR-completion sensitivity,False,1.5,0.4054651081081644,update_beta,0.8909563129251556,0.7152888864175401,1.0735522947715348,1000,retained patient/operation,data/processed/mnar_chain_bootstrap_v32.parquet,parameterized OR-completion sensitivity with sampling interval; multiplier is not asserted clinically plausible
target,target outcome-regression completion,OR-completion sensitivity,False,1.5,0.4054651081081644,target_oe_ratio,1.075714601659621,0.9175133996191147,1.2503065031464122,1000,retained patient/operation,data/processed/mnar_chain_bootstrap_v32.parquet,parameterized OR-completion sensitivity with sampling interval; multiplier is not asserted clinically plausible
target,target outcome-regression completion,OR-completion sensitivity,False,1.5,0.4054651081081644,target_calibration_slope,0.836677328237651,0.6373368293560502,1.0969476220806722,1000,retained patient/operation,data/processed/mnar_chain_bootstrap_v32.parquet,parameterized OR-completion sensitivity with sampling interval; multiplier is not asserted clinically plausible
target,target outcome-regression completion,OR-completion sensitivity,False,1.5,0.4054651081081644,target_auroc,0.6583660589454217,0.6200765243941514,0.6990728040264889,1000,retained patient/operation,data/processed/mnar_chain_bootstrap_v32.parquet,parameterized OR-completion sensitivity with sampling interval; multiplier is not asserted clinically plausible
target,target outcome-regression completion,OR-completion sensitivity,False,1.5,0.4054651081081644,target_brier,0.09951789260881201,0.08939001844097309,0.10942288769388941,1000,retained patient/operation,data/processed/mnar_chain_bootstrap_v32.parquet,parameterized OR-completion sensitivity with sampling interval; multiplier is not asserted clinically plausible
target,target outcome-regression completion,OR-completion sensitivity,False,1.5,0.4054651081081644,threshold_5_alerts,2309.0,1954.0,2513.0,1000,retained patient/operation,data/processed/mnar_chain_bootstrap_v32.parquet,parameterized OR-completion sensitivity with sampling interval; multiplier is not asserted clinically plausible
target,target outcome-regression completion,OR-completion sensitivity,False,1.5,0.4054651081081644,threshold_5_alerts_per_1000,892.5396211828372,755.3150367220719,971.3954387321221,1000,retained patient/operation,data/processed/mnar_chain_bootstrap_v32.parquet,parameterized OR-completion sensitivity with sampling interval; multiplier is not asserted clinically plausible
target,target outcome-regression completion,OR-completion sensitivity,False,1.5,0.4054651081081644,threshold_10_alerts,980.0,754.975,1259.05,1000,retained patient/operation,data/processed/mnar_chain_bootstrap_v32.parquet,parameterized OR-completion sensitivity with sampling interval; multiplier is not asserted clinically plausible
target,target outcome-regression completion,OR-completion sensitivity,False,1.5,0.4054651081081644,threshold_10_alerts_per_1000,378.81716273676074,291.83417085427135,486.6834170854271,1000,retained patient/operation,data/processed/mnar_chain_bootstrap_v32.parquet,parameterized OR-completion sensitivity with sampling interval; multiplier is not asserted clinically plausible
target,target outcome-regression completion,OR-completion sensitivity,False,1.5,0.4054651081081644,threshold_20_alerts,226.0,168.0,298.05,1000,retained patient/operation,data/processed/mnar_chain_bootstrap_v32.parquet,parameterized OR-completion sensitivity with sampling interval; multiplier is not asserted clinically plausible
target,target outcome-regression completion,OR-completion sensitivity,False,1.5,0.4054651081081644,threshold_20_alerts_per_1000,87.35987630459992,64.94008504058755,115.21066872825668,1000,retained patient/operation,data/processed/mnar_chain_bootstrap_v32.parquet,parameterized OR-completion sensitivity with sampling interval; multiplier is not asserted clinically plausible
target,target outcome-regression completion,OR-completion sensitivity,False,2.0,0.6931471805599453,update_alpha,0.20656832275280892,-0.23935664093907516,0.644483898026365,1000,retained patient/operation,data/processed/mnar_chain_bootstrap_v32.parquet,parameterized OR-completion sensitivity with sampling interval; multiplier is not asserted clinically plausible
target,target outcome-regression completion,OR-completion sensitivity,False,2.0,0.6931471805599453,update_beta,0.8909563129251556,0.7152888864175401,1.0735522947715348,1000,retained patient/operation,data/processed/mnar_chain_bootstrap_v32.parquet,parameterized OR-completion sensitivity with sampling interval; multiplier is not asserted clinically plausible
target,target outcome-regression completion,OR-completion sensitivity,False,2.0,0.6931471805599453,target_oe_ratio,1.1200980945135601,0.9582415497775219,1.2969101048904557,1000,retained patient/operation,data/processed/mnar_chain_bootstrap_v32.parquet,parameterized OR-completion sensitivity with sampling interval; multiplier is not asserted clinically plausible
target,target outcome-regression completion,OR-completion sensitivity,False,2.0,0.6931471805599453,target_calibration_slope,0.8039756977000402,0.605612745355031,1.0602820685140049,1000,retained patient/operation,data/processed/mnar_chain_bootstrap_v32.parquet,parameterized OR-completion sensitivity with sampling interval; multiplier is not asserted clinically plausible
target,target outcome-regression completion,OR-completion sensitivity,False,2.0,0.6931471805599453,target_auroc,0.6497669074889654,0.6115268597514774,0.6907922257067776,1000,retained patient/operation,data/processed/mnar_chain_bootstrap_v32.parquet,parameterized OR-completion sensitivity with sampling interval; multiplier is not asserted clinically plausible
target,target outcome-regression completion,OR-completion sensitivity,False,2.0,0.6931471805599453,target_brier,0.10346365967371676,0.09254625022178728,0.11378830725338267,1000,retained patient/operation,data/processed/mnar_chain_bootstrap_v32.parquet,parameterized OR-completion sensitivity with sampling interval; multiplier is not asserted clinically plausible
target,target outcome-regression completion,OR-completion sensitivity,False,2.0,0.6931471805599453,threshold_5_alerts,2309.0,1954.0,2513.0,1000,retained patient/operation,data/processed/mnar_chain_bootstrap_v32.parquet,parameterized OR-completion sensitivity with sampling interval; multiplier is not asserted clinically plausible
target,target outcome-regression completion,OR-completion sensitivity,False,2.0,0.6931471805599453,threshold_5_alerts_per_1000,892.5396211828372,755.3150367220719,971.3954387321221,1000,retained patient/operation,data/processed/mnar_chain_bootstrap_v32.parquet,parameterized OR-completion sensitivity with sampling interval; multiplier is not asserted clinically plausible
target,target outcome-regression completion,OR-completion sensitivity,False,2.0,0.6931471805599453,threshold_10_alerts,980.0,754.975,1259.05,1000,retained patient/operation,data/processed/mnar_chain_bootstrap_v32.parquet,parameterized OR-completion sensitivity with sampling interval; multiplier is not asserted clinically plausible
target,target outcome-regression completion,OR-completion sensitivity,False,2.0,0.6931471805599453,threshold_10_alerts_per_1000,378.81716273676074,291.83417085427135,486.6834170854271,1000,retained patient/operation,data/processed/mnar_chain_bootstrap_v32.parquet,parameterized OR-completion sensitivity with sampling interval; multiplier is not asserted clinically plausible
target,target outcome-regression completion,OR-completion sensitivity,False,2.0,0.6931471805599453,threshold_20_alerts,226.0,168.0,298.04999999999995,1000,retained patient/operation,data/processed/mnar_chain_bootstrap_v32.parquet,parameterized OR-completion sensitivity with sampling interval; multiplier is not asserted clinically plausible
target,target outcome-regression completion,OR-completion sensitivity,False,2.0,0.6931471805599453,threshold_20_alerts_per_1000,87.35987630459992,64.94008504058755,115.21066872825665,1000,retained patient/operation,data/processed/mnar_chain_bootstrap_v32.parquet,parameterized OR-completion sensitivity with sampling interval; multiplier is not asserted clinically plausible
target,target outcome-regression completion,OR-completion sensitivity,False,3.0,1.0986122886681098,update_alpha,0.20656832275280892,-0.23935664093907516,0.644483898026365,1000,retained patient/operation,data/processed/mnar_chain_bootstrap_v32.parquet,parameterized OR-completion sensitivity with sampling interval; multiplier is not asserted clinically plausible
target,target outcome-regression completion,OR-completion sensitivity,False,3.0,1.0986122886681098,update_beta,0.8909563129251556,0.7152888864175401,1.0735522947715348,1000,retained patient/operation,data/processed/mnar_chain_bootstrap_v32.parquet,parameterized OR-completion sensitivity with sampling interval; multiplier is not asserted clinically plausible
target,target outcome-regression completion,OR-completion sensitivity,False,3.0,1.0986122886681098,target_oe_ratio,1.1987236928616594,1.0209033788146498,1.388972542933754,1000,retained patient/operation,data/processed/mnar_chain_bootstrap_v32.parquet,parameterized OR-completion sensitivity with sampling interval; multiplier is not asserted clinically plausible
target,target outcome-regression completion,OR-completion sensitivity,False,3.0,1.0986122886681098,target_calibration_slope,0.7457811260840425,0.5498143588696349,0.9964635763517774,1000,retained patient/operation,data/processed/mnar_chain_bootstrap_v32.parquet,parameterized OR-completion sensitivity with sampling interval; multiplier is not asserted clinically plausible
target,target outcome-regression completion,OR-completion sensitivity,False,3.0,1.0986122886681098,target_auroc,0.6348871312964602,0.5971552242050328,0.6753120486490262,1000,retained patient/operation,data/processed/mnar_chain_bootstrap_v32.parquet,parameterized OR-completion sensitivity with sampling interval; multiplier is not asserted clinically plausible
target,target outcome-regression completion,OR-completion sensitivity,False,3.0,1.0986122886681098,target_brier,0.11052890967835584,0.09818463506461289,0.12198420151432211,1000,retained patient/operation,data/processed/mnar_chain_bootstrap_v32.parquet,parameterized OR-completion sensitivity with sampling interval; multiplier is not asserted clinically plausible
target,target outcome-regression completion,OR-completion sensitivity,False,3.0,1.0986122886681098,threshold_5_alerts,2309.0,1954.0000000000002,2513.0,1000,retained patient/operation,data/processed/mnar_chain_bootstrap_v32.parquet,parameterized OR-completion sensitivity with sampling interval; multiplier is not asserted clinically plausible
target,target outcome-regression completion,OR-completion sensitivity,False,3.0,1.0986122886681098,threshold_5_alerts_per_1000,892.5396211828372,755.315036722072,971.3954387321221,1000,retained patient/operation,data/processed/mnar_chain_bootstrap_v32.parquet,parameterized OR-completion sensitivity with sampling interval; multiplier is not asserted clinically plausible
target,target outcome-regression completion,OR-completion sensitivity,False,3.0,1.0986122886681098,threshold_10_alerts,980.0,754.975,1259.05,1000,retained patient/operation,data/processed/mnar_chain_bootstrap_v32.parquet,parameterized OR-completion sensitivity with sampling interval; multiplier is not asserted clinically plausible
target,target outcome-regression completion,OR-completion sensitivity,False,3.0,1.0986122886681098,threshold_10_alerts_per_1000,378.81716273676074,291.83417085427135,486.6834170854271,1000,retained patient/operation,data/processed/mnar_chain_bootstrap_v32.parquet,parameterized OR-completion sensitivity with sampling interval; multiplier is not asserted clinically plausible
target,target outcome-regression completion,OR-completion sensitivity,False,3.0,1.0986122886681098,threshold_20_alerts,226.0,168.0,298.04999999999995,1000,retained patient/operation,data/processed/mnar_chain_bootstrap_v32.parquet,parameterized OR-completion sensitivity with sampling interval; multiplier is not asserted clinically plausible
target,target outcome-regression completion,OR-completion sensitivity,False,3.0,1.0986122886681098,threshold_20_alerts_per_1000,87.35987630459992,64.94008504058755,115.21066872825665,1000,retained patient/operation,data/processed/mnar_chain_bootstrap_v32.parquet,parameterized OR-completion sensitivity with sampling interval; multiplier is not asserted clinically plausible
