strategy,metric,estimate,ci_lower,ci_upper,fixed,replicates
unupdated,update_alpha,0.0,,,True,0
unupdated,update_beta,1.0,,,True,0
unupdated,oe_ratio,1.4867954900449432,1.2958473401719914,1.6691517057731173,False,1000
unupdated,calibration_slope,0.788007599046868,0.6276977053320753,0.9774239975892031,False,1000
unupdated,auroc,0.6737184414934936,0.6325981421036303,0.7168306550636632,False,1000
unupdated,brier,0.0950786115412393,0.08496106304405075,0.10520020217762435,False,1000
complete_case,update_alpha,0.1526989036600622,-0.28590046737448127,0.5801082614347419,False,1000
complete_case,update_beta,0.8456617538669272,0.6690216629909297,1.0266945780624732,False,1000
complete_case,oe_ratio,0.9669139804255624,0.8256956308248292,1.1218591289518902,False,1000
complete_case,calibration_slope,0.9318236226760566,0.7219139839025525,1.2371220915543715,False,1000
complete_case,auroc,0.6737184414934936,0.6325981421036303,0.7168306550636632,False,1000
complete_case,brier,0.093623893647576,0.08444632977597188,0.10317137973243921,False,1000
IPW,update_alpha,0.2065683227528089,-0.23935664093907516,0.644483898026365,False,1000
IPW,update_beta,0.8909563129251556,0.7152888864175401,1.0735522947715348,False,1000
IPW,oe_ratio,1.0118261550966838,0.8664868386107794,1.1768002823793169,False,1000
IPW,calibration_slope,0.8844514457276924,0.6810467380910483,1.1547053538822636,False,1000
IPW,auroc,0.6737184414934936,0.6325981421036303,0.7168306550636632,False,1000
IPW,brier,0.0936844148369695,0.08447764164586206,0.10340108240378737,False,1000
