cohort,metric,n,denominator,percent,ci_low,ci_high,display
INSPIRE,Any postoperative test,24872.0,33394,74.48044558902797,74.01005141663003,74.94520822240811,24872/33394 (74.5%)
INSPIRE,No postoperative test,8522.0,33394,25.51955441097203,25.054791777591884,25.98994858336997,8522/33394 (25.5%)
INSPIRE,"Test in (0,48] h",24488.0,33394,73.33053842007546,72.85356334606024,73.80214648241025,24488/33394 (73.3%)
INSPIRE,"Test in (48,168] h before recorded stop",18498.0,33394,55.39318440438402,54.859452683010154,55.92567546499079,18498/33394 (55.4%)
INSPIRE,Tests in both early and late windows,18114.0,33394,54.24327723543151,53.70848386051497,54.77709447691832,18114/33394 (54.2%)
INSPIRE,Only one distinct testing time,4040.0,33394,12.097981673354496,11.75257446425831,12.45210795148408,4040/33394 (12.1%)
INSPIRE,Algorithmic observation window <48 h,5317.0,33394,15.922021920105408,15.53352191402402,16.31836130404886,5317/33394 (15.9%)
INSPIRE,Algorithmic observation window <168 h,21415.0,33394,64.12828651853627,63.612272152529,64.64105078043517,21415/33394 (64.1%)
INSPIRE,Discharge stop time missing or unusable,,33394,,,,<5/33394 (suppressed)
INSPIRE,Early test among algorithmic window >=48 h,22989.0,28077,81.87840581258682,81.42349145230487,82.32459824169887,22989/28077 (81.9%)
INSPIRE,Late test among algorithmic window >48 h,18498.0,28066,65.90892895318179,65.35222321186696,66.4612803061368,18498/28066 (65.9%)
INSPIRE,First test hours among observed,,24872,,,,0.6 (0.3-17.2)
INSPIRE,Last test hours among observed,,24872,,,,111.5 (46.9-156.4)
INSPIRE,Testing occasions among observed,,24872,,,,3.0 (2.0-5.0)
INSPIRE,Elapsed 24 h bins with test among observed,,24872,,,,3.0 (2.0-4.0)
INSPIRE,Gap from last test to recorded stop among observed,,24872,,,,22.2 (11.4-39.8)
INSPIRE,Observation opportunity hours,,33394,,,,127.6 (61.3-168.0)
MOVER 2021,Any postoperative test,2212.0,2802,78.94361170592434,77.39488964779571,80.41308075270344,2212/2802 (78.9%)
MOVER 2021,No postoperative test,590.0,2802,21.05638829407566,19.58691924729656,22.605110352204296,590/2802 (21.1%)
MOVER 2021,"Test in (0,48] h",2194.0,2802,78.30121341898644,76.73680345765439,79.78812937538606,2194/2802 (78.3%)
MOVER 2021,"Test in (48,168] h before recorded stop",1358.0,2802,48.46538187009279,46.618290258117334,50.31667555295359,1358/2802 (48.5%)
MOVER 2021,Tests in both early and late windows,1340.0,2802,47.82298358315489,45.97765313010774,49.67427511350452,1340/2802 (47.8%)
MOVER 2021,Only one distinct testing time,489.0,2802,17.451820128479657,16.091275413804993,18.901487834955535,489/2802 (17.5%)
MOVER 2021,Algorithmic observation window <48 h,1162.0,2802,41.47037830121342,39.65907450791441,43.30503779082874,1162/2802 (41.5%)
MOVER 2021,Algorithmic observation window <168 h,2149.0,2802,76.69521770164168,75.09393121963042,78.22340769476335,2149/2802 (76.7%)
MOVER 2021,Discharge stop time missing or unusable,,2802,,,,<5/2802 (suppressed)
MOVER 2021,Early test among algorithmic window >=48 h,1590.0,1640,96.95121951219512,96.0031804108125,97.67981996227756,1590/1640 (97.0%)
MOVER 2021,Late test among algorithmic window >48 h,1358.0,1640,82.8048780487805,80.902506505539,84.55392752137327,1358/1640 (82.8%)
MOVER 2021,First test hours among observed,,2212,,,,12.0 (2.1-16.9)
MOVER 2021,Last test hours among observed,,2212,,,,70.9 (28.7-147.6)
MOVER 2021,Testing occasions among observed,,2212,,,,4.0 (2.0-7.0)
MOVER 2021,Elapsed 24 h bins with test among observed,,2212,,,,3.0 (1.0-6.0)
MOVER 2021,Gap from last test to recorded stop among observed,,2212,,,,9.1 (5.6-13.8)
MOVER 2021,Observation opportunity hours,,2802,,,,69.7 (22.8-158.9)
MOVER 2022,Any postoperative test,2033.0,2587,78.58523386161578,76.96265386401245,80.12304680534515,2033/2587 (78.6%)
MOVER 2022,No postoperative test,554.0,2587,21.41476613838423,19.87695319465483,23.037346135987537,554/2587 (21.4%)
MOVER 2022,"Test in (0,48] h",2018.0,2587,78.00541167375339,76.36839417040159,79.55938153608874,2018/2587 (78.0%)
MOVER 2022,"Test in (48,168] h before recorded stop",1305.0,2587,50.44453034402783,48.51865047109361,52.36909200043798,1305/2587 (50.4%)
MOVER 2022,Tests in both early and late windows,1290.0,2587,49.86470815616544,47.93961904811453,51.79019846054976,1290/2587 (49.9%)
MOVER 2022,Only one distinct testing time,405.0,2587,15.6551990722845,14.305975605624596,17.10626909386931,405/2587 (15.7%)
MOVER 2022,Algorithmic observation window <48 h,979.0,2587,37.84306146115191,35.99347814808006,39.728695130469,979/2587 (37.8%)
MOVER 2022,Algorithmic observation window <168 h,1898.0,2587,73.36683417085428,71.62972019842465,75.03465580512733,1898/2587 (73.4%)
MOVER 2022,Discharge stop time missing or unusable,,2587,,,,<5/2587 (suppressed)
MOVER 2022,Early test among algorithmic window >=48 h,1540.0,1608,95.77114427860695,94.67355981864172,96.65055844029612,1540/1608 (95.8%)
MOVER 2022,Late test among algorithmic window >48 h,1305.0,1608,81.15671641791045,79.17192327534472,82.99299961558988,1305/1608 (81.2%)
MOVER 2022,First test hours among observed,,2033,,,,11.9 (1.9-17.0)
MOVER 2022,Last test hours among observed,,2033,,,,83.9 (35.6-153.1)
MOVER 2022,Testing occasions among observed,,2033,,,,4.0 (2.0-7.0)
MOVER 2022,Elapsed 24 h bins with test among observed,,2033,,,,3.0 (2.0-7.0)
MOVER 2022,Gap from last test to recorded stop among observed,,2033,,,,9.7 (6.1-14.4)
MOVER 2022,Observation opportunity hours,,2587,,,,73.8 (24.2-168.0)
