cohort,group,eligible_n,observed_n,observed_pct,first_test_h_median_iqr,occasions_median_iqr,opportunity_h_median_iqr,late_test_n,late_test_pct,late_opportunity_n,late_among_opportunity_n,late_among_opportunity_pct,source_risk_min,source_risk_max,source_risk_median
INSPIRE,Q1,6680,3092,46.2874251497006,13.5 (0.4-36.9),2.0 (1.0-3.0),59.8 (36.7-107.2),1277,19.11676646706587,4244,1277,30.089538171536283,0.010075623796156197,0.029050719188695923,0.024191479362810412
INSPIRE,Q2,6678,4147,62.099430967355495,1.7 (0.3-34.0),2.0 (1.0-4.0),97.6 (55.0-134.8),2506,37.526205450733755,5192,2506,48.26656394453004,0.02905444876170871,0.03952658856040182,0.03418847150871343
INSPIRE,Q3,6679,5349,80.08683934720766,0.6 (0.3-19.9),3.0 (2.0-4.0),127.8 (79.6-168.0),3927,58.79622698008684,5903,3927,66.52549551075724,0.039527680633975985,0.05338388569637384,0.045668002076011405
INSPIRE,Q4,6678,6001,89.86223420185684,0.5 (0.2-2.9),4.0 (3.0-5.0),168.0 (108.4-168.0),5157,77.22371967654986,6338,5157,81.3663616282739,0.05338740606320935,0.0773548156758252,0.0633895471097351
INSPIRE,Q5,6679,6283,94.0709687078904,0.5 (0.3-1.1),5.0 (3.0-6.0),168.0 (132.0-168.0),5631,84.30902829764935,6389,5631,88.13585850680857,0.07736031009850558,0.4905202777474402,0.10039002450275808
MOVER 2021,Q1,561,352,62.745098039215684,14.8 (10.4-18.5),2.0 (1.0-6.0),26.7 (8.0-81.5),155,27.629233511586452,208,155,74.51923076923077,0.01322917384612801,0.034809536304142956,0.028103100880330387
MOVER 2021,Q2,560,421,75.17857142857143,14.1 (5.8-18.8),3.0 (1.0-6.0),51.8 (20.8-123.5),244,43.57142857142857,304,244,80.26315789473685,0.03481019582694058,0.047351135064194104,0.04111832287844171
MOVER 2021,Q3,560,452,80.71428571428572,11.9 (2.2-16.4),4.0 (2.0-7.0),72.0 (24.2-153.6),274,48.92857142857142,335,274,81.7910447761194,0.047371079262439414,0.06295468826113623,0.0541763584000627
MOVER 2021,Q4,560,487,86.96428571428572,11.2 (1.7-16.2),4.0 (2.0-7.0),90.5 (31.8-168.0),316,56.42857142857143,380,316,83.15789473684211,0.06298871851806742,0.09451644015996406,0.07455431109699032
MOVER 2021,Q5,561,500,89.12655971479501,4.2 (1.3-14.1),6.0 (3.0-9.0),103.8 (45.8-168.0),369,65.77540106951871,413,369,89.34624697336562,0.09452393996640343,0.659208861132225,0.13649870842914816
MOVER 2022,Q1,518,318,61.38996138996139,14.9 (9.4-18.8),3.0 (1.0-6.0),27.5 (8.9-97.0),170,32.818532818532816,217,170,78.3410138248848,0.011980814264269701,0.033570954655622515,0.027673107485872674
MOVER 2022,Q2,517,379,73.30754352030948,14.4 (8.4-18.3),3.0 (1.0-6.0),55.2 (21.4-126.7),210,40.61895551257253,291,210,72.16494845360825,0.033571226077545376,0.04558022770070832,0.039790084251101386
MOVER 2022,Q3,517,407,78.72340425531915,12.8 (2.1-18.1),4.0 (2.0-7.0),71.8 (25.0-164.1),250,48.35589941972921,315,250,79.36507936507937,0.04558670666069693,0.06126421979980952,0.05275149171720904
MOVER 2022,Q4,517,453,87.62088974854933,10.4 (1.7-15.8),4.0 (2.0-7.0),100.5 (43.3-168.0),308,59.57446808510638,366,308,84.15300546448088,0.06129995230812668,0.090588372466847,0.07198649493934614
MOVER 2022,Q5,518,476,91.8918918918919,3.1 (1.1-13.3),7.0 (3.0-10.0),141.7 (65.5-168.0),367,70.84942084942085,419,367,87.58949880668257,0.09064956823325926,0.6533695670187187,0.13254439204990026
