cohort,elapsed_day,window_hours,tested_n,all_eligible_n,any_opportunity_n,full_opportunity_n,tested_full_opportunity_n,all_eligible_pct,any_opportunity_pct,full_opportunity_pct,any_opportunity_ci_low,any_opportunity_ci_high
INSPIRE,1,"(0,24]",20112,33394,33394,33064,20086,60.226387973887526,60.226387973887526,60.74885071376724,59.70030648385291,60.75011696169026
INSPIRE,2,"(24,48]",18004,33394,33060,28077,17978,53.91387674432533,54.45856019358742,64.03105744915767,53.92124763879167,54.994836729903284
INSPIRE,3,"(48,72]",8067,33394,28066,24308,8021,24.157034197760076,28.742963015748593,32.99736712193516,28.216435085825488,29.275309149692884
INSPIRE,4,"(72,96]",9356,33394,24304,21343,9317,28.017009043540757,38.495720868992755,43.65365693670056,37.88584284048284,39.10923502575525
INSPIRE,5,"(96,120]",9544,33394,21336,17784,9512,28.57998442834042,44.73190851143607,53.48627980206928,44.06574463816642,45.39996903951975
INSPIRE,6,"(120,144]",4894,33394,17777,14197,4862,14.655327304306162,27.529954435506554,34.2466718320772,26.878261971652616,28.191355973583455
INSPIRE,7,"(144,168]",7497,33394,14194,11979,7466,22.450140743846198,52.81809215161336,62.325736705901996,51.99619153715501,53.63846780398719
MOVER 2021,1,"(0,24]",2135,2802,2802,2060,1898,76.19557458957887,76.19557458957887,92.13592233009709,74.58346911769223,77.73595168867813
MOVER 2021,2,"(24,48]",1594,2802,2060,1640,1454,56.887937187723054,77.37864077669903,88.65853658536585,75.52195040750048,79.13341060286287
MOVER 2021,3,"(48,72]",1272,2802,1640,1354,1164,45.396145610278374,77.5609756097561,85.9675036927622,75.47883867063877,79.5142992107076
MOVER 2021,4,"(72,96]",1023,2802,1353,1115,930,36.50963597430407,75.60975609756098,83.40807174887892,73.25113012565167,77.82337054610142
MOVER 2021,5,"(96,120]",841,2802,1115,910,775,30.01427551748751,75.42600896860986,85.16483516483517,72.81452024847646,77.86290107247117
MOVER 2021,6,"(120,144]",680,2802,910,763,632,24.26837972876517,74.72527472527473,82.83093053735256,71.80175544482009,77.44092178944786
MOVER 2021,7,"(144,168]",571,2802,763,653,530,20.378301213418986,74.83617300131061,81.16385911179174,71.63781685723963,77.78569769593207
MOVER 2022,1,"(0,24]",1967,2587,2587,1950,1770,76.03401623502126,76.03401623502126,90.76923076923077,74.35123682640794,77.6395940063336
MOVER 2022,2,"(24,48]",1517,2587,1950,1608,1410,58.639350599149594,77.7948717948718,87.68656716417911,75.8964980151687,79.58395026308024
MOVER 2022,3,"(48,72]",1244,2587,1608,1328,1146,48.08658678005412,77.363184079602,86.29518072289157,75.25396058751984,79.34197967597562
MOVER 2022,4,"(72,96]",991,2587,1328,1118,927,38.30691921144182,74.62349397590361,82.91592128801432,72.21430251323589,76.8906412973508
MOVER 2022,5,"(96,120]",852,2587,1118,947,806,32.933900270583685,76.20751341681574,85.11087645195354,73.62442596148821,78.61111903397102
MOVER 2022,6,"(120,144]",710,2587,947,803,659,27.444916892153074,74.97360084477296,82.06724782067248,72.11759674578475,77.62781513251625
MOVER 2022,7,"(144,168]",607,2587,802,689,560,23.46347120216467,75.6857855361596,81.27721335268505,72.59897807941483,78.52770391122635
